,match_id,date,round,home_team,home_id,away_team,away_id,status,finished,season
0,5070991,2026-02-21,1,St. Louis City,1427963,Charlotte FC,1323940,True,True,2026
1,5070990,2026-02-21,1,FC Cincinnati,722265,Atlanta United,773958,True,True,2026
2,5070994,2026-02-21,1,DC United,6602,Philadelphia Union,191716,True,True,2026
3,5070998,2026-02-21,1,Orlando City,267810,Red Bull New York,6514,True,True,2026
4,5071002,2026-02-21,1,Vancouver Whitecaps,307691,Real Salt Lake,6606,True,True,2026
5,5070992,2026-02-21,1,Austin FC,1218886,Minnesota United,207242,True,True,2026
6,5070993,2026-02-21,1,FC Dallas,6399,Toronto FC,56453,True,True,2026
7,5070995,2026-02-21,1,Houston Dynamo FC,8259,Chicago Fire FC,6397,True,True,2026
8,5070997,2026-02-21,1,Nashville SC,915807,New England Revolution,6580,True,True,2026
9,5070996,2026-02-21,1,Los Angeles FC,867280,Inter Miami CF,960720,True,True,2026
10,5070999,2026-02-21,1,Portland Timbers,307690,Columbus Crew,6001,True,True,2026
11,5071000,2026-02-21,1,San Diego FC,1701119,CF Montreal,161195,True,True,2026
12,5071001,2026-02-21,1,San Jose Earthquakes,6603,Sporting Kansas City,6604,True,True,2026
13,5071003,2026-02-22,1,LA Galaxy,6637,New York City FC,546238,True,True,2026
14,5071004,2026-02-22,1,Seattle Sounders FC,130394,Colorado Rapids,8314,True,True,2026
15,5071005,2026-02-28,2,Chicago Fire FC,6397,CF Montreal,161195,True,True,2026
16,5071008,2026-02-28,2,Red Bull New York,6514,New England Revolution,6580,True,True,2026
17,5071006,2026-02-28,2,Colorado Rapids,8314,Portland Timbers,307690,True,True,2026
18,5071007,2026-02-28,2,Minnesota United,207242,FC Cincinnati,722265,True,True,2026
19,5071014,2026-02-28,2,Real Salt Lake,6606,Seattle Sounders FC,130394,True,True,2026
20,5071015,2026-02-28,2,San Jose Earthquakes,6603,Atlanta United,773958,True,True,2026
21,5071010,2026-02-28,2,FC Dallas,6399,Nashville SC,915807,True,True,2026
22,5071011,2026-02-28,2,Houston Dynamo FC,8259,Los Angeles FC,867280,True,True,2026
23,5071012,2026-02-28,2,Sporting Kansas City,6604,Columbus Crew,6001,True,True,2026
24,5071016,2026-02-28,2,Vancouver Whitecaps,307691,Toronto FC,56453,True,True,2026
25,5071013,2026-02-28,2,LA Galaxy,6637,Charlotte FC,1323940,True,True,2026
26,5071009,2026-03-01,2,Austin FC,1218886,DC United,6602,True,True,2026
27,5071017,2026-03-01,2,Philadelphia Union,191716,New York City FC,546238,True,True,2026
28,5071018,2026-03-01,2,Orlando City,267810,Inter Miami CF,960720,True,True,2026
29,5071019,2026-03-01,2,San Diego FC,1701119,St. Louis City,1427963,True,True,2026
30,5071022,2026-03-07,3,New York City FC,546238,Orlando City,267810,True,True,2026
31,5071020,2026-03-07,3,DC United,6602,Inter Miami CF,960720,True,True,2026
32,5071023,2026-03-07,3,Atlanta United,773958,Real Salt Lake,6606,True,True,2026
33,5071024,2026-03-07,3,Charlotte FC,1323940,Austin FC,1218886,True,True,2026
34,5071027,2026-03-07,3,Columbus Crew,6001,Chicago Fire FC,6397,True,True,2026
35,5071031,2026-03-07,3,Philadelphia Union,191716,San Jose Earthquakes,6603,True,True,2026
36,5071030,2026-03-07,3,Nashville SC,915807,Minnesota United,207242,True,True,2026
37,5071028,2026-03-07,3,Sporting Kansas City,6604,San Diego FC,1701119,True,True,2026
38,5071032,2026-03-07,3,St. Louis City,1427963,Seattle Sounders FC,130394,True,True,2026
39,5071026,2026-03-07,3,Colorado Rapids,8314,LA Galaxy,6637,True,True,2026
40,5071029,2026-03-07,3,Los Angeles FC,867280,FC Dallas,6399,True,True,2026
41,5071034,2026-03-07,3,Portland Timbers,307690,Vancouver Whitecaps,307691,True,True,2026
42,5071033,2026-03-08,3,Red Bull New York,6514,CF Montreal,161195,True,True,2026
43,5071025,2026-03-08,3,FC Cincinnati,722265,Toronto FC,56453,True,True,2026
44,5071040,2026-03-14,4,Toronto FC,56453,Red Bull New York,6514,True,True,2026
45,5071035,2026-03-14,4,Atlanta United,773958,Philadelphia Union,191716,True,True,2026
46,5071037,2026-03-14,4,Columbus Crew,6001,Nashville SC,915807,True,True,2026
47,5071036,2026-03-14,4,Charlotte FC,1323940,Inter Miami CF,960720,True,True,2026
48,5071038,2026-03-14,4,New York City FC,546238,Colorado Rapids,8314,True,True,2026
49,5071039,2026-03-14,4,Orlando City,267810,CF Montreal,161195,True,True,2026
50,5071041,2026-03-14,4,Chicago Fire FC,6397,DC United,6602,True,True,2026
51,5071042,2026-03-14,4,FC Dallas,6399,San Diego FC,1701119,True,True,2026
52,5071043,2026-03-14,4,Houston Dynamo FC,8259,Portland Timbers,307690,True,True,2026
53,5071044,2026-03-14,4,LA Galaxy,6637,Sporting Kansas City,6604,True,True,2026
54,5071046,2026-03-14,4,Real Salt Lake,6606,Austin FC,1218886,True,True,2026
55,5071045,2026-03-14,4,Los Angeles FC,867280,St. Louis City,1427963,True,True,2026
56,5071048,2026-03-15,4,New England Revolution,6580,FC Cincinnati,722265,True,True,2026
57,5071047,2026-03-15,4,Vancouver Whitecaps,307691,Minnesota United,207242,True,True,2026
58,5071049,2026-03-15,4,San Jose Earthquakes,6603,Seattle Sounders FC,130394,True,True,2026
59,5071055,2026-03-21,5,Toronto FC,56453,Columbus Crew,6001,True,True,2026
60,5071054,2026-03-21,5,Philadelphia Union,191716,Chicago Fire FC,6397,True,True,2026
61,5071053,2026-03-21,5,Nashville SC,915807,Orlando City,267810,True,True,2026
62,5071050,2026-03-21,5,Atlanta United,773958,DC United,6602,True,True,2026
63,5071051,2026-03-21,5,Charlotte FC,1323940,Red Bull New York,6514,True,True,2026
64,5071057,2026-03-21,5,FC Dallas,6399,Houston Dynamo FC,8259,True,True,2026
65,5071058,2026-03-21,5,Sporting Kansas City,6604,Colorado Rapids,8314,True,True,2026
66,5071059,2026-03-21,5,St. Louis City,1427963,New England Revolution,6580,True,True,2026
67,5071056,2026-03-21,5,Austin FC,1218886,Los Angeles FC,867280,True,True,2026
68,5071060,2026-03-21,5,Vancouver Whitecaps,307691,San Jose Earthquakes,6603,True,True,2026
69,5071052,2026-03-22,5,FC Cincinnati,722265,CF Montreal,161195,True,True,2026
70,5071062,2026-03-22,5,New York City FC,546238,Inter Miami CF,960720,True,True,2026
71,5071061,2026-03-22,5,Minnesota United,207242,Seattle Sounders FC,130394,True,True,2026
72,5071063,2026-03-22,5,Portland Timbers,307690,LA Galaxy,6637,True,True,2026
73,5071064,2026-03-22,5,San Diego FC,1701119,Real Salt Lake,6606,True,True,2026
74,5071073,2026-04-04,6,Toronto FC,56453,Colorado Rapids,8314,True,True,2026
75,5071069,2026-04-04,6,New England Revolution,6580,CF Montreal,161195,True,True,2026
76,5071072,2026-04-04,6,Real Salt Lake,6606,Sporting Kansas City,6604,True,True,2026
77,5071065,2026-04-04,6,Atlanta United,773958,Columbus Crew,6001,True,True,2026
78,5071066,2026-04-04,6,Charlotte FC,1323940,Philadelphia Union,191716,True,True,2026
79,5071067,2026-04-04,6,DC United,6602,FC Dallas,6399,True,True,2026
80,5071070,2026-04-04,6,New York City FC,546238,St. Louis City,1427963,True,True,2026
81,5071071,2026-04-04,6,Red Bull New York,6514,FC Cincinnati,722265,True,True,2026
82,5071068,2026-04-04,6,Inter Miami CF,960720,Austin FC,1218886,True,True,2026
83,5071074,2026-04-04,6,Chicago Fire FC,6397,Nashville SC,915807,True,True,2026
84,5071075,2026-04-04,6,Houston Dynamo FC,8259,Seattle Sounders FC,130394,True,True,2026
85,5071077,2026-04-04,6,Los Angeles FC,867280,Orlando City,267810,True,True,2026
86,5071076,2026-04-04,6,LA Galaxy,6637,Minnesota United,207242,True,True,2026
87,5071078,2026-04-04,6,San Jose Earthquakes,6603,San Diego FC,1701119,True,True,2026
88,5071079,2026-04-04,6,Vancouver Whitecaps,307691,Portland Timbers,307690,True,True,2026
89,5071086,2026-04-11,7,Toronto FC,56453,FC Cincinnati,722265,True,True,2026
90,5071080,2026-04-11,7,Austin FC,1218886,LA Galaxy,6637,True,True,2026
91,5071083,2026-04-11,7,CF Montreal,161195,Philadelphia Union,191716,True,True,2026
92,5071085,2026-04-11,7,Portland Timbers,307690,Los Angeles FC,867280,True,True,2026
93,5071081,2026-04-11,7,Charlotte FC,1323940,Nashville SC,915807,True,True,2026
94,5071082,2026-04-11,7,Inter Miami CF,960720,Red Bull New York,6514,True,True,2026
95,5071084,2026-04-11,7,New England Revolution,6580,DC United,6602,True,True,2026
96,5071087,2026-04-11,7,Vancouver Whitecaps,307691,New York City FC,546238,True,True,2026
97,5071088,2026-04-11,7,Chicago Fire FC,6397,Atlanta United,773958,True,True,2026
98,5071091,2026-04-11,7,FC Dallas,6399,St. Louis City,1427963,True,True,2026
99,5071092,2026-04-11,7,Sporting Kansas City,6604,San Jose Earthquakes,6603,True,True,2026
100,5071089,2026-04-11,7,Colorado Rapids,8314,Houston Dynamo FC,8259,True,True,2026
101,5071093,2026-04-11,7,San Diego FC,1701119,Minnesota United,207242,True,True,2026
102,5071090,2026-04-12,7,Columbus Crew,6001,Orlando City,267810,True,True,2026
103,5071095,2026-04-17,8,Vancouver Whitecaps,307691,Sporting Kansas City,6604,True,True,2026
104,5071104,2026-04-18,8,Toronto FC,56453,Austin FC,1218886,True,True,2026
105,5071099,2026-04-18,8,CF Montreal,161195,Red Bull New York,6514,True,True,2026
106,5071098,2026-04-18,8,Colorado Rapids,8314,Inter Miami CF,960720,True,True,2026
107,5071096,2026-04-18,8,Atlanta United,773958,Nashville SC,915807,True,True,2026
108,5071097,2026-04-18,8,FC Cincinnati,722265,Chicago Fire FC,6397,True,True,2026
109,5071100,2026-04-18,8,New England Revolution,6580,Columbus Crew,6001,True,True,2026
110,5071101,2026-04-18,8,New York City FC,546238,Charlotte FC,1323940,True,True,2026
111,5071102,2026-04-18,8,Orlando City,267810,Houston Dynamo FC,8259,True,True,2026
112,5071103,2026-04-18,8,Philadelphia Union,191716,DC United,6602,True,True,2026
113,5071105,2026-04-18,8,FC Dallas,6399,LA Galaxy,6637,True,True,2026
114,5071106,2026-04-18,8,Minnesota United,207242,Portland Timbers,307690,True,True,2026
115,5071107,2026-04-18,8,Real Salt Lake,6606,San Diego FC,1701119,True,True,2026
116,5071108,2026-04-18,8,Seattle Sounders FC,130394,St. Louis City,1427963,True,True,2026
117,5071109,2026-04-19,8,Los Angeles FC,867280,San Jose Earthquakes,6603,True,True,2026
118,5071112,2026-04-22,9,New York City FC,546238,FC Cincinnati,722265,True,True,2026
119,5071114,2026-04-22,9,Orlando City,267810,Charlotte FC,1323940,True,True,2026
120,5071113,2026-04-22,9,Red Bull New York,6514,DC United,6602,True,True,2026
121,5071115,2026-04-22,9,Toronto FC,56453,Philadelphia Union,191716,True,True,2026
122,5071110,2026-04-22,9,Atlanta United,773958,New England Revolution,6580,True,True,2026
123,5071116,2026-04-22,9,FC Dallas,6399,Minnesota United,207242,True,True,2026
124,5071117,2026-04-22,9,Houston Dynamo FC,8259,San Diego FC,1701119,True,True,2026
125,5071119,2026-04-22,9,Real Salt Lake,6606,Inter Miami CF,960720,True,True,2026
126,5071111,2026-04-22,9,Columbus Crew,6001,LA Galaxy,6637,True,True,2026
127,5071118,2026-04-22,9,Los Angeles FC,867280,Colorado Rapids,8314,True,True,2026
128,5071120,2026-04-22,9,San Jose Earthquakes,6603,Austin FC,1218886,True,True,2026
129,5071127,2026-04-25,10,Toronto FC,56453,Atlanta United,773958,True,True,2026
130,5071126,2026-04-25,10,CF Montreal,161195,New York City FC,546238,True,True,2026
131,5071125,2026-04-25,10,Minnesota United,207242,Los Angeles FC,867280,True,True,2026
132,5071122,2026-04-25,10,Columbus Crew,6001,Philadelphia Union,191716,True,True,2026
133,5071123,2026-04-25,10,DC United,6602,Orlando City,267810,True,True,2026
134,5071121,2026-04-25,10,FC Cincinnati,722265,Red Bull New York,6514,True,True,2026
135,5071124,2026-04-25,10,Inter Miami CF,960720,New England Revolution,6580,True,True,2026
136,5071128,2026-04-25,10,Austin FC,1218886,Houston Dynamo FC,8259,True,True,2026
137,5071129,2026-04-25,10,Chicago Fire FC,6397,Sporting Kansas City,6604,True,True,2026
138,5071130,2026-04-25,10,Nashville SC,915807,Charlotte FC,1323940,True,True,2026
139,5071133,2026-04-25,10,St. Louis City,1427963,San Jose Earthquakes,6603,True,True,2026
140,5071131,2026-04-25,10,San Diego FC,1701119,Portland Timbers,307690,True,True,2026
141,5071132,2026-04-25,10,Seattle Sounders FC,130394,FC Dallas,6399,True,True,2026
142,5071134,2026-04-25,10,Vancouver Whitecaps,307691,Colorado Rapids,8314,True,True,2026
143,5071135,2026-04-26,10,LA Galaxy,6637,Real Salt Lake,6606,True,True,2026
144,5071144,2026-05-02,11,Toronto FC,56453,San Jose Earthquakes,6603,True,True,2026
145,5071138,2026-05-02,11,Sporting Kansas City,6604,Seattle Sounders FC,130394,True,True,2026
146,5071143,2026-05-02,11,Real Salt Lake,6606,Portland Timbers,307690,True,True,2026
147,5071139,2026-05-02,11,Inter Miami CF,960720,Orlando City,267810,True,True,2026
148,5071136,2026-05-02,11,Atlanta United,773958,CF Montreal,161195,True,True,2026
149,5071137,2026-05-02,11,Columbus Crew,6001,Minnesota United,207242,True,True,2026
150,5071140,2026-05-02,11,New England Revolution,6580,Charlotte FC,1323940,True,True,2026
151,5071142,2026-05-02,11,Philadelphia Union,191716,Nashville SC,915807,True,True,2026
152,5071141,2026-05-02,11,Red Bull New York,6514,FC Dallas,6399,True,True,2026
153,5071145,2026-05-02,11,Chicago Fire FC,6397,FC Cincinnati,722265,True,True,2026
154,5071146,2026-05-02,11,Houston Dynamo FC,8259,Colorado Rapids,8314,True,True,2026
155,5071148,2026-05-02,11,San Diego FC,1701119,Los Angeles FC,867280,True,True,2026
156,5071147,2026-05-02,11,LA Galaxy,6637,Vancouver Whitecaps,307691,True,True,2026
157,5071150,2026-05-03,11,New York City FC,546238,DC United,6602,True,True,2026
158,5071149,2026-05-03,11,Austin FC,1218886,St. Louis City,1427963,True,True,2026
159,5071156,2026-05-09,12,Toronto FC,56453,Inter Miami CF,960720,True,True,2026
160,5071153,2026-05-09,12,Chicago Fire FC,6397,Red Bull New York,6514,True,True,2026
161,5071154,2026-05-09,12,CF Montreal,161195,Orlando City,267810,True,True,2026
162,5071151,2026-05-09,12,Atlanta United,773958,LA Galaxy,6637,True,True,2026
163,5071152,2026-05-09,12,Charlotte FC,1323940,FC Cincinnati,722265,True,True,2026
164,5071155,2026-05-09,12,New England Revolution,6580,Philadelphia Union,191716,True,True,2026
165,5071158,2026-05-09,12,FC Dallas,6399,Real Salt Lake,6606,True,True,2026
166,5071159,2026-05-09,12,Nashville SC,915807,DC United,6602,True,True,2026
167,5071157,2026-05-09,12,Colorado Rapids,8314,St. Louis City,1427963,True,True,2026
168,5071160,2026-05-09,12,Portland Timbers,307690,Sporting Kansas City,6604,True,True,2026
169,5071161,2026-05-09,12,San Jose Earthquakes,6603,Vancouver Whitecaps,307691,True,True,2026
170,5071162,2026-05-09,12,Seattle Sounders FC,130394,San Diego FC,1701119,True,True,2026
171,5071164,2026-05-10,12,New York City FC,546238,Columbus Crew,6001,True,True,2026
172,5071163,2026-05-10,12,Minnesota United,207242,Austin FC,1218886,True,True,2026
173,5071165,2026-05-10,12,Los Angeles FC,867280,Houston Dynamo FC,8259,True,True,2026
174,5071166,2026-05-13,13,Charlotte FC,1323940,New York City FC,546238,True,True,2026
175,5071169,2026-05-13,13,CF Montreal,161195,Portland Timbers,307690,True,True,2026
176,5071168,2026-05-13,13,DC United,6602,Chicago Fire FC,6397,True,True,2026
177,5071167,2026-05-13,13,FC Cincinnati,722265,Inter Miami CF,960720,True,True,2026
178,5071170,2026-05-13,13,New England Revolution,6580,Nashville SC,915807,True,True,2026
179,5071172,2026-05-13,13,Orlando City,267810,Philadelphia Union,191716,True,True,2026
180,5071171,2026-05-13,13,Red Bull New York,6514,Columbus Crew,6001,True,True,2026
181,5071173,2026-05-13,13,FC Dallas,6399,Vancouver Whitecaps,307691,True,True,2026
182,5071175,2026-05-13,13,Minnesota United,207242,Colorado Rapids,8314,True,True,2026
183,5071174,2026-05-13,13,Sporting Kansas City,6604,LA Galaxy,6637,True,True,2026
184,5071179,2026-05-13,13,St. Louis City,1427963,Los Angeles FC,867280,True,True,2026
185,5071176,2026-05-13,13,Real Salt Lake,6606,Houston Dynamo FC,8259,True,True,2026
186,5071177,2026-05-13,13,San Diego FC,1701119,Austin FC,1218886,True,True,2026
187,5071178,2026-05-13,13,Seattle Sounders FC,130394,San Jose Earthquakes,6603,True,True,2026
188,5071182,2026-05-16,14,CF Montreal,161195,Chicago Fire FC,6397,True,True,2026
189,5071180,2026-05-16,14,Charlotte FC,1323940,Toronto FC,56453,True,True,2026
190,5071181,2026-05-16,14,DC United,6602,St. Louis City,1427963,True,True,2026
191,5071183,2026-05-16,14,New England Revolution,6580,Minnesota United,207242,True,True,2026
192,5071185,2026-05-16,14,Orlando City,267810,Atlanta United,773958,True,True,2026
193,5071186,2026-05-16,14,Philadelphia Union,191716,Columbus Crew,6001,True,True,2026
194,5071184,2026-05-16,14,Red Bull New York,6514,New York City FC,546238,True,True,2026
195,5071187,2026-05-16,14,Austin FC,1218886,Sporting Kansas City,6604,True,True,2026
196,5071188,2026-05-16,14,Houston Dynamo FC,8259,Vancouver Whitecaps,307691,True,True,2026
197,5071193,2026-05-16,14,Seattle Sounders FC,130394,LA Galaxy,6637,True,True,2026
198,5071190,2026-05-16,14,Real Salt Lake,6606,Colorado Rapids,8314,True,True,2026
199,5071191,2026-05-16,14,San Diego FC,1701119,FC Cincinnati,722265,True,True,2026
200,5071192,2026-05-16,14,San Jose Earthquakes,6603,FC Dallas,6399,True,True,2026
201,5071189,2026-05-17,14,Inter Miami CF,960720,Portland Timbers,307690,True,True,2026
202,5071194,2026-05-17,14,Nashville SC,915807,Los Angeles FC,867280,True,True,2026
203,5071198,2026-05-23,15,St. Louis City,1427963,Austin FC,1218886,True,True,2026
204,5071203,2026-05-23,15,Minnesota United,207242,Real Salt Lake,6606,True,True,2026
205,5071195,2026-05-23,15,Charlotte FC,1323940,New England Revolution,6580,True,True,2026
206,5071197,2026-05-23,15,DC United,6602,CF Montreal,161195,True,True,2026
207,5071196,2026-05-23,15,FC Cincinnati,722265,Orlando City,267810,True,True,2026
208,5071199,2026-05-23,15,Chicago Fire FC,6397,Toronto FC,56453,True,True,2026
209,5071204,2026-05-23,15,Nashville SC,915807,New York City FC,546238,True,True,2026
210,5071201,2026-05-23,15,Sporting Kansas City,6604,Red Bull New York,6514,True,True,2026
211,5071200,2026-05-23,15,Colorado Rapids,8314,FC Dallas,6399,True,True,2026
212,5071205,2026-05-23,15,Portland Timbers,307690,San Jose Earthquakes,6603,True,True,2026
213,5071206,2026-05-23,15,San Diego FC,1701119,Vancouver Whitecaps,307691,True,True,2026
214,5071202,2026-05-23,15,LA Galaxy,6637,Houston Dynamo FC,8259,True,True,2026
215,5071207,2026-05-24,15,Columbus Crew,6001,Atlanta United,773958,True,True,2026
216,5071208,2026-05-24,15,Inter Miami CF,960720,Philadelphia Union,191716,True,True,2026
217,5071209,2026-05-24,15,Los Angeles FC,867280,Seattle Sounders FC,130394,True,True,2026
218,5071210,2026-07-16,1,CF Montreal,161195,Toronto FC,56453,False,False,2026
219,5071211,2026-07-16,9,Chicago Fire FC,6397,Vancouver Whitecaps,307691,False,False,2026
220,5071213,2026-07-16,9,St. Louis City,1427963,Sporting Kansas City,6604,False,False,2026
221,5071212,2026-07-16,9,Seattle Sounders FC,130394,Portland Timbers,307690,False,False,2026
222,5071215,2026-07-17,1,Nashville SC,915807,Atlanta United,773958,False,False,2026
223,5071214,2026-07-17,32,LA Galaxy,6637,Los Angeles FC,867280,False,False,2026
224,5071217,2026-07-22,16,Columbus Crew,6001,New York City FC,546238,False,False,2026
225,5071216,2026-07-22,16,FC Cincinnati,722265,Vancouver Whitecaps,307691,False,False,2026
226,5071218,2026-07-22,16,Inter Miami CF,960720,Chicago Fire FC,6397,False,False,2026
227,5071219,2026-07-22,16,New England Revolution,6580,Toronto FC,56453,False,False,2026
228,5071220,2026-07-22,16,Philadelphia Union,191716,Red Bull New York,6514,False,False,2026
229,5071222,2026-07-22,16,Charlotte FC,1323940,Atlanta United,773958,False,False,2026
230,5071221,2026-07-22,16,Austin FC,1218886,Seattle Sounders FC,130394,False,False,2026
231,5071224,2026-07-22,16,Houston Dynamo FC,8259,DC United,6602,False,False,2026
232,5071228,2026-07-22,16,Nashville SC,915807,CF Montreal,161195,False,False,2026
233,5071225,2026-07-22,16,Sporting Kansas City,6604,Minnesota United,207242,False,False,2026
234,5071223,2026-07-22,16,Colorado Rapids,8314,San Diego FC,1701119,False,False,2026
235,5071226,2026-07-22,16,LA Galaxy,6637,St. Louis City,1427963,False,False,2026
236,5071227,2026-07-22,16,Los Angeles FC,867280,Real Salt Lake,6606,False,False,2026
237,5071229,2026-07-22,16,Portland Timbers,307690,FC Dallas,6399,False,False,2026
238,5071230,2026-07-22,16,San Jose Earthquakes,6603,Orlando City,267810,False,False,2026
239,5071236,2026-07-25,17,Red Bull New York,6514,Charlotte FC,1323940,False,False,2026
240,5071231,2026-07-25,17,Columbus Crew,6001,FC Cincinnati,722265,False,False,2026
241,5071233,2026-07-25,17,CF Montreal,161195,Inter Miami CF,960720,False,False,2026
242,5071232,2026-07-25,17,DC United,6602,Toronto FC,56453,False,False,2026
243,5071234,2026-07-25,17,New England Revolution,6580,Atlanta United,773958,False,False,2026
244,5071235,2026-07-25,17,New York City FC,546238,Chicago Fire FC,6397,False,False,2026
245,5071237,2026-07-25,17,Orlando City,267810,Nashville SC,915807,False,False,2026
246,5071238,2026-07-25,17,Philadelphia Union,191716,Seattle Sounders FC,130394,False,False,2026
247,5071239,2026-07-25,17,Houston Dynamo FC,8259,Austin FC,1218886,False,False,2026
248,5071241,2026-07-25,17,Minnesota United,207242,Vancouver Whitecaps,307691,False,False,2026
249,5071245,2026-07-25,17,St. Louis City,1427963,Colorado Rapids,8314,False,False,2026
250,5071243,2026-07-25,17,San Diego FC,1701119,FC Dallas,6399,False,False,2026
251,5071240,2026-07-25,17,Los Angeles FC,867280,Sporting Kansas City,6604,False,False,2026
252,5071242,2026-07-25,17,Portland Timbers,307690,Real Salt Lake,6606,False,False,2026
253,5071244,2026-07-25,17,San Jose Earthquakes,6603,LA Galaxy,6637,False,False,2026
254,5071246,2026-07-31,18,New York City FC,546238,Toronto FC,56453,False,False,2026
255,5071250,2026-08-01,18,CF Montreal,161195,New England Revolution,6580,False,False,2026
256,5071248,2026-08-01,18,DC United,6602,Nashville SC,915807,False,False,2026
257,5071247,2026-08-01,18,FC Cincinnati,722265,San Jose Earthquakes,6603,False,False,2026
258,5071249,2026-08-01,18,Inter Miami CF,960720,Columbus Crew,6001,False,False,2026
259,5071252,2026-08-01,18,Philadelphia Union,191716,Atlanta United,773958,False,False,2026
260,5071251,2026-08-01,18,Red Bull New York,6514,Orlando City,267810,False,False,2026
261,5071253,2026-08-01,18,Vancouver Whitecaps,307691,Los Angeles FC,867280,False,False,2026
262,5071254,2026-08-01,18,Chicago Fire FC,6397,Charlotte FC,1323940,False,False,2026
263,5071258,2026-08-01,18,Minnesota United,207242,San Diego FC,1701119,False,False,2026
264,5071256,2026-08-01,18,Sporting Kansas City,6604,Houston Dynamo FC,8259,False,False,2026
265,5071260,2026-08-01,18,St. Louis City,1427963,Real Salt Lake,6606,False,False,2026
266,5071255,2026-08-01,18,Colorado Rapids,8314,Austin FC,1218886,False,False,2026
267,5071257,2026-08-01,18,LA Galaxy,6637,FC Dallas,6399,False,False,2026
268,5071259,2026-08-01,18,Portland Timbers,307690,Seattle Sounders FC,130394,False,False,2026
269,5071021,2026-08-08,3,New England Revolution,6580,Houston Dynamo FC,8259,False,False,2026
270,5071261,2026-08-15,19,Atlanta United,773958,Red Bull New York,6514,False,False,2026
271,5071263,2026-08-15,19,CF Montreal,161195,DC United,6602,False,False,2026
272,5071262,2026-08-15,19,Charlotte FC,1323940,Columbus Crew,6001,False,False,2026
273,5071264,2026-08-15,19,Orlando City,267810,FC Cincinnati,722265,False,False,2026
274,5071265,2026-08-15,19,Toronto FC,56453,New England Revolution,6580,False,False,2026
275,5071268,2026-08-15,19,Houston Dynamo FC,8259,LA Galaxy,6637,False,False,2026
276,5071270,2026-08-15,19,Nashville SC,915807,Inter Miami CF,960720,False,False,2026
277,5071267,2026-08-15,19,Colorado Rapids,8314,Sporting Kansas City,6604,False,False,2026
278,5071271,2026-08-15,19,Real Salt Lake,6606,Minnesota United,207242,False,False,2026
279,5071269,2026-08-15,19,Los Angeles FC,867280,San Diego FC,1701119,False,False,2026
280,5071272,2026-08-15,19,San Jose Earthquakes,6603,St. Louis City,1427963,False,False,2026
281,5071273,2026-08-16,19,Chicago Fire FC,6397,Portland Timbers,307690,False,False,2026
282,5071274,2026-08-16,19,New York City FC,546238,Philadelphia Union,191716,False,False,2026
283,5071266,2026-08-16,19,Austin FC,1218886,FC Dallas,6399,False,False,2026
284,5071275,2026-08-16,19,Seattle Sounders FC,130394,Vancouver Whitecaps,307691,False,False,2026
285,5071277,2026-08-19,20,Columbus Crew,6001,CF Montreal,161195,False,False,2026
286,5071278,2026-08-19,20,DC United,6602,New England Revolution,6580,False,False,2026
287,5071276,2026-08-19,20,FC Cincinnati,722265,New York City FC,546238,False,False,2026
288,5071280,2026-08-19,20,Orlando City,267810,Chicago Fire FC,6397,False,False,2026
289,5071281,2026-08-19,20,Philadelphia Union,191716,Inter Miami CF,960720,False,False,2026
290,5071279,2026-08-19,20,Red Bull New York,6514,Nashville SC,915807,False,False,2026
291,5071282,2026-08-19,20,Toronto FC,56453,Charlotte FC,1323940,False,False,2026
292,5071284,2026-08-19,20,Sporting Kansas City,6604,St. Louis City,1427963,False,False,2026
293,5071286,2026-08-19,20,Minnesota United,207242,Atlanta United,773958,False,False,2026
294,5071283,2026-08-19,20,Colorado Rapids,8314,Los Angeles FC,867280,False,False,2026
295,5071288,2026-08-19,20,Real Salt Lake,6606,FC Dallas,6399,False,False,2026
296,5071289,2026-08-19,20,Seattle Sounders FC,130394,Austin FC,1218886,False,False,2026
297,5071285,2026-08-19,20,LA Galaxy,6637,San Jose Earthquakes,6603,False,False,2026
298,5071287,2026-08-19,20,Portland Timbers,307690,San Diego FC,1701119,False,False,2026
299,5071290,2026-08-19,20,Vancouver Whitecaps,307691,Houston Dynamo FC,8259,False,False,2026
300,5071294,2026-08-22,21,CF Montreal,161195,LA Galaxy,6637,False,False,2026
301,5071291,2026-08-22,21,Charlotte FC,1323940,DC United,6602,False,False,2026
302,5071292,2026-08-22,21,FC Cincinnati,722265,Seattle Sounders FC,130394,False,False,2026
303,5071293,2026-08-22,21,Inter Miami CF,960720,Toronto FC,56453,False,False,2026
304,5071296,2026-08-22,21,Orlando City,267810,Real Salt Lake,6606,False,False,2026
305,5071295,2026-08-22,21,Red Bull New York,6514,Chicago Fire FC,6397,False,False,2026
306,5071297,2026-08-22,21,Austin FC,1218886,Philadelphia Union,191716,False,False,2026
307,5071299,2026-08-22,21,Nashville SC,915807,Columbus Crew,6001,False,False,2026
308,5071302,2026-08-22,21,St. Louis City,1427963,Houston Dynamo FC,8259,False,False,2026
309,5071303,2026-08-22,21,Vancouver Whitecaps,307691,FC Dallas,6399,False,False,2026
310,5071298,2026-08-22,21,Los Angeles FC,867280,Portland Timbers,307690,False,False,2026
311,5071300,2026-08-22,21,San Diego FC,1701119,Colorado Rapids,8314,False,False,2026
312,5071301,2026-08-22,21,San Jose Earthquakes,6603,Minnesota United,207242,False,False,2026
313,5071305,2026-08-23,21,New England Revolution,6580,New York City FC,546238,False,False,2026
314,5071304,2026-08-23,21,Atlanta United,773958,Sporting Kansas City,6604,False,False,2026
315,5071311,2026-08-29,22,Seattle Sounders FC,130394,Chicago Fire FC,6397,False,False,2026
316,5071306,2026-08-29,22,Atlanta United,773958,Charlotte FC,1323940,False,False,2026
317,5071307,2026-08-29,22,Columbus Crew,6001,New England Revolution,6580,False,False,2026
318,5071308,2026-08-29,22,DC United,6602,Los Angeles FC,867280,False,False,2026
319,5071309,2026-08-29,22,Inter Miami CF,960720,CF Montreal,161195,False,False,2026
320,5071310,2026-08-29,22,Red Bull New York,6514,Philadelphia Union,191716,False,False,2026
321,5071312,2026-08-29,22,Toronto FC,56453,New York City FC,546238,False,False,2026
322,5071314,2026-08-29,22,Houston Dynamo FC,8259,San Jose Earthquakes,6603,False,False,2026
323,5071316,2026-08-29,22,Minnesota United,207242,Orlando City,267810,False,False,2026
324,5071317,2026-08-29,22,Nashville SC,915807,FC Cincinnati,722265,False,False,2026
325,5071315,2026-08-29,22,Sporting Kansas City,6604,Vancouver Whitecaps,307691,False,False,2026
326,5071313,2026-08-29,22,Colorado Rapids,8314,Real Salt Lake,6606,False,False,2026
327,5071318,2026-08-29,22,Portland Timbers,307690,Austin FC,1218886,False,False,2026
328,5071319,2026-08-29,22,San Diego FC,1701119,LA Galaxy,6637,False,False,2026
329,5071320,2026-08-30,22,St. Louis City,1427963,FC Dallas,6399,False,False,2026
330,5071321,2026-09-04,23,New York City FC,546238,Nashville SC,915807,False,False,2026
331,5071322,2026-09-05,23,Charlotte FC,1323940,Houston Dynamo FC,8259,False,False,2026
332,5071324,2026-09-05,23,Columbus Crew,6001,Colorado Rapids,8314,False,False,2026
333,5071323,2026-09-05,23,FC Cincinnati,722265,DC United,6602,False,False,2026
334,5071325,2026-09-05,23,Inter Miami CF,960720,Atlanta United,773958,False,False,2026
335,5071326,2026-09-05,23,Orlando City,267810,San Diego FC,1701119,False,False,2026
336,5071327,2026-09-05,23,Philadelphia Union,191716,CF Montreal,161195,False,False,2026
337,5071328,2026-09-05,23,Toronto FC,56453,Chicago Fire FC,6397,False,False,2026
338,5071329,2026-09-05,23,Austin FC,1218886,San Jose Earthquakes,6603,False,False,2026
339,5071330,2026-09-05,23,FC Dallas,6399,Sporting Kansas City,6604,False,False,2026
340,5071334,2026-09-05,23,Seattle Sounders FC,130394,Red Bull New York,6514,False,False,2026
341,5071331,2026-09-05,23,LA Galaxy,6637,New England Revolution,6580,False,False,2026
342,5071333,2026-09-05,23,Real Salt Lake,6606,Los Angeles FC,867280,False,False,2026
343,5071332,2026-09-05,23,Portland Timbers,307690,Minnesota United,207242,False,False,2026
344,5071335,2026-09-05,23,Vancouver Whitecaps,307691,St. Louis City,1427963,False,False,2026
345,5071336,2026-09-09,24,Atlanta United,773958,Orlando City,267810,False,False,2026
346,5071338,2026-09-09,24,CF Montreal,161195,Charlotte FC,1323940,False,False,2026
347,5071337,2026-09-09,24,DC United,6602,Columbus Crew,6001,False,False,2026
348,5071339,2026-09-09,24,New York City FC,546238,New England Revolution,6580,False,False,2026
349,5071340,2026-09-09,24,Philadelphia Union,191716,FC Cincinnati,722265,False,False,2026
350,5071341,2026-09-09,24,Toronto FC,56453,Nashville SC,915807,False,False,2026
351,5071342,2026-09-09,24,Austin FC,1218886,Colorado Rapids,8314,False,False,2026
352,5071343,2026-09-09,24,Chicago Fire FC,6397,Inter Miami CF,960720,False,False,2026
353,5071344,2026-09-09,24,Houston Dynamo FC,8259,Real Salt Lake,6606,False,False,2026
354,5071346,2026-09-09,24,Minnesota United,207242,FC Dallas,6399,False,False,2026
355,5071345,2026-09-09,24,Los Angeles FC,867280,Red Bull New York,6514,False,False,2026
356,5071347,2026-09-09,24,Portland Timbers,307690,St. Louis City,1427963,False,False,2026
357,5071348,2026-09-09,24,San Diego FC,1701119,San Jose Earthquakes,6603,False,False,2026
358,5071350,2026-09-09,24,Vancouver Whitecaps,307691,LA Galaxy,6637,False,False,2026
359,5071352,2026-09-12,25,Columbus Crew,6001,Red Bull New York,6514,False,False,2026
360,5071353,2026-09-12,25,DC United,6602,Atlanta United,773958,False,False,2026
361,5071351,2026-09-12,25,FC Cincinnati,722265,Charlotte FC,1323940,False,False,2026
362,5071354,2026-09-12,25,Inter Miami CF,960720,Nashville SC,915807,False,False,2026
363,5071355,2026-09-12,25,Orlando City,267810,Toronto FC,56453,False,False,2026
364,5071357,2026-09-12,25,FC Dallas,6399,Portland Timbers,307690,False,False,2026
365,5071358,2026-09-12,25,Sporting Kansas City,6604,Los Angeles FC,867280,False,False,2026
366,5071362,2026-09-12,25,St. Louis City,1427963,Minnesota United,207242,False,False,2026
367,5071356,2026-09-12,25,Colorado Rapids,8314,CF Montreal,161195,False,False,2026
368,5071360,2026-09-12,25,Real Salt Lake,6606,New York City FC,546238,False,False,2026
369,5071359,2026-09-12,25,LA Galaxy,6637,Seattle Sounders FC,130394,False,False,2026
370,5071361,2026-09-12,25,San Jose Earthquakes,6603,Houston Dynamo FC,8259,False,False,2026
371,5071363,2026-09-13,25,Chicago Fire FC,6397,New England Revolution,6580,False,False,2026
372,5071364,2026-09-13,25,Vancouver Whitecaps,307691,Austin FC,1218886,False,False,2026
373,5071365,2026-09-13,25,San Diego FC,1701119,Philadelphia Union,191716,False,False,2026
374,5071366,2026-09-18,26,New York City FC,546238,Red Bull New York,6514,False,False,2026
375,5071368,2026-09-19,26,CF Montreal,161195,Columbus Crew,6001,False,False,2026
376,5071367,2026-09-19,26,DC United,6602,Charlotte FC,1323940,False,False,2026
377,5071369,2026-09-19,26,New England Revolution,6580,Orlando City,267810,False,False,2026
378,5071370,2026-09-19,26,San Jose Earthquakes,6603,Los Angeles FC,867280,False,False,2026
379,5071372,2026-09-19,26,FC Dallas,6399,Austin FC,1218886,False,False,2026
380,5071373,2026-09-19,26,Houston Dynamo FC,8259,FC Cincinnati,722265,False,False,2026
381,5071375,2026-09-19,26,Minnesota United,207242,LA Galaxy,6637,False,False,2026
382,5071374,2026-09-19,26,Sporting Kansas City,6604,Philadelphia Union,191716,False,False,2026
383,5071379,2026-09-19,26,St. Louis City,1427963,Toronto FC,56453,False,False,2026
384,5071371,2026-09-19,26,Colorado Rapids,8314,Seattle Sounders FC,130394,False,False,2026
385,5071376,2026-09-19,26,Nashville SC,915807,Chicago Fire FC,6397,False,False,2026
386,5071378,2026-09-19,26,Real Salt Lake,6606,Vancouver Whitecaps,307691,False,False,2026
387,5071377,2026-09-19,26,Portland Timbers,307690,Atlanta United,773958,False,False,2026
388,5071380,2026-09-20,26,Inter Miami CF,960720,San Diego FC,1701119,False,False,2026
389,5071094,2026-09-23,7,Seattle Sounders FC,130394,Real Salt Lake,6606,False,False,2026
390,5071381,2026-09-26,27,Atlanta United,773958,New York City FC,546238,False,False,2026
391,5071383,2026-09-26,27,CF Montreal,161195,FC Cincinnati,722265,False,False,2026
392,5071382,2026-09-26,27,Charlotte FC,1323940,Chicago Fire FC,6397,False,False,2026
393,5071385,2026-09-26,27,Philadelphia Union,191716,Orlando City,267810,False,False,2026
394,5071384,2026-09-26,27,Red Bull New York,6514,St. Louis City,1427963,False,False,2026
395,5071386,2026-09-26,27,Austin FC,1218886,San Diego FC,1701119,False,False,2026
396,5071388,2026-09-26,27,FC Dallas,6399,Los Angeles FC,867280,False,False,2026
397,5071389,2026-09-26,27,Houston Dynamo FC,8259,Sporting Kansas City,6604,False,False,2026
398,5071391,2026-09-26,27,Nashville SC,915807,Toronto FC,56453,False,False,2026
399,5071394,2026-09-26,27,Seattle Sounders FC,130394,Minnesota United,207242,False,False,2026
400,5071392,2026-09-26,27,Real Salt Lake,6606,New England Revolution,6580,False,False,2026
401,5071390,2026-09-26,27,LA Galaxy,6637,Colorado Rapids,8314,False,False,2026
402,5071393,2026-09-26,27,San Jose Earthquakes,6603,Portland Timbers,307690,False,False,2026
403,5071395,2026-09-26,27,Vancouver Whitecaps,307691,DC United,6602,False,False,2026
404,5071387,2026-09-27,27,Columbus Crew,6001,Inter Miami CF,960720,False,False,2026
405,5071349,2026-10-01,24,Seattle Sounders FC,130394,Sporting Kansas City,6604,False,False,2026
406,5071404,2026-10-10,28,Toronto FC,56453,CF Montreal,161195,False,False,2026
407,5071398,2026-10-10,28,Chicago Fire FC,6397,New York City FC,546238,False,False,2026
408,5071396,2026-10-10,28,Atlanta United,773958,FC Cincinnati,722265,False,False,2026
409,5071397,2026-10-10,28,Charlotte FC,1323940,FC Dallas,6399,False,False,2026
410,5071399,2026-10-10,28,Inter Miami CF,960720,DC United,6602,False,False,2026
411,5071400,2026-10-10,28,New England Revolution,6580,Seattle Sounders FC,130394,False,False,2026
412,5071402,2026-10-10,28,Orlando City,267810,Columbus Crew,6001,False,False,2026
413,5071403,2026-10-10,28,Philadelphia Union,191716,Real Salt Lake,6606,False,False,2026
414,5071401,2026-10-10,28,Red Bull New York,6514,San Diego FC,1701119,False,False,2026
415,5071405,2026-10-10,28,Austin FC,1218886,Nashville SC,915807,False,False,2026
416,5071409,2026-10-10,28,Minnesota United,207242,Houston Dynamo FC,8259,False,False,2026
417,5071407,2026-10-10,28,Sporting Kansas City,6604,Portland Timbers,307690,False,False,2026
418,5071406,2026-10-10,28,Colorado Rapids,8314,San Jose Earthquakes,6603,False,False,2026
419,5071408,2026-10-10,28,Los Angeles FC,867280,Vancouver Whitecaps,307691,False,False,2026
420,5071410,2026-10-11,28,St. Louis City,1427963,LA Galaxy,6637,False,False,2026
421,5071415,2026-10-14,29,CF Montreal,161195,Atlanta United,773958,False,False,2026
422,5071412,2026-10-14,29,Columbus Crew,6001,Charlotte FC,1323940,False,False,2026
423,5071413,2026-10-14,29,DC United,6602,Red Bull New York,6514,False,False,2026
424,5071411,2026-10-14,29,FC Cincinnati,722265,New England Revolution,6580,False,False,2026
425,5071414,2026-10-14,29,Inter Miami CF,960720,New York City FC,546238,False,False,2026
426,5071416,2026-10-14,29,Toronto FC,56453,Orlando City,267810,False,False,2026
427,5071417,2026-10-14,29,Chicago Fire FC,6397,Philadelphia Union,191716,False,False,2026
428,5071419,2026-10-14,29,FC Dallas,6399,Seattle Sounders FC,130394,False,False,2026
429,5071422,2026-10-14,29,Nashville SC,915807,Sporting Kansas City,6604,False,False,2026
430,5071425,2026-10-14,29,St. Louis City,1427963,Vancouver Whitecaps,307691,False,False,2026
431,5071418,2026-10-14,29,Colorado Rapids,8314,Minnesota United,207242,False,False,2026
432,5071423,2026-10-14,29,Real Salt Lake,6606,San Jose Earthquakes,6603,False,False,2026
433,5071420,2026-10-14,29,LA Galaxy,6637,Portland Timbers,307690,False,False,2026
434,5071421,2026-10-14,29,Los Angeles FC,867280,Austin FC,1218886,False,False,2026
435,5071424,2026-10-14,29,San Diego FC,1701119,Houston Dynamo FC,8259,False,False,2026
436,5071432,2026-10-17,30,Philadelphia Union,191716,Charlotte FC,1323940,False,False,2026
437,5071427,2026-10-17,30,Minnesota United,207242,St. Louis City,1427963,False,False,2026
438,5071426,2026-10-17,30,Atlanta United,773958,Inter Miami CF,960720,False,False,2026
439,5071428,2026-10-17,30,New England Revolution,6580,Chicago Fire FC,6397,False,False,2026
440,5071431,2026-10-17,30,Orlando City,267810,DC United,6602,False,False,2026
441,5071430,2026-10-17,30,Red Bull New York,6514,Toronto FC,56453,False,False,2026
442,5071433,2026-10-17,30,Austin FC,1218886,Vancouver Whitecaps,307691,False,False,2026
443,5071434,2026-10-17,30,Houston Dynamo FC,8259,FC Dallas,6399,False,False,2026
444,5071435,2026-10-17,30,Sporting Kansas City,6604,Real Salt Lake,6606,False,False,2026
445,5071436,2026-10-17,30,LA Galaxy,6637,San Diego FC,1701119,False,False,2026
446,5071437,2026-10-17,30,Portland Timbers,307690,Colorado Rapids,8314,False,False,2026
447,5071438,2026-10-17,30,San Jose Earthquakes,6603,Nashville SC,915807,False,False,2026
448,5071439,2026-10-17,30,Seattle Sounders FC,130394,CF Montreal,161195,False,False,2026
449,5071440,2026-10-18,30,FC Cincinnati,722265,Columbus Crew,6001,False,False,2026
450,5071444,2026-10-24,31,CF Montreal,161195,Nashville SC,915807,False,False,2026
451,5071442,2026-10-24,31,Columbus Crew,6001,Toronto FC,56453,False,False,2026
452,5071445,2026-10-24,31,Red Bull New York,6514,Inter Miami CF,960720,False,False,2026
453,5071441,2026-10-24,31,Atlanta United,773958,Chicago Fire FC,6397,False,False,2026
454,5071443,2026-10-24,31,DC United,6602,FC Cincinnati,722265,False,False,2026
455,5071446,2026-10-24,31,Orlando City,267810,New York City FC,546238,False,False,2026
456,5071447,2026-10-24,31,Philadelphia Union,191716,New England Revolution,6580,False,False,2026
457,5071448,2026-10-24,31,Colorado Rapids,8314,Vancouver Whitecaps,307691,False,False,2026
458,5071449,2026-10-24,31,FC Dallas,6399,San Jose Earthquakes,6603,False,False,2026
459,5071450,2026-10-24,31,Houston Dynamo FC,8259,Minnesota United,207242,False,False,2026
460,5071453,2026-10-24,31,Real Salt Lake,6606,St. Louis City,1427963,False,False,2026
461,5071451,2026-10-24,31,Sporting Kansas City,6604,Austin FC,1218886,False,False,2026
462,5071452,2026-10-24,31,Portland Timbers,307690,Charlotte FC,1323940,False,False,2026
463,5071454,2026-10-24,31,San Diego FC,1701119,Seattle Sounders FC,130394,False,False,2026
464,5071455,2026-10-25,31,Los Angeles FC,867280,LA Galaxy,6637,False,False,2026
465,5071456,2026-10-28,32,Charlotte FC,1323940,CF Montreal,161195,False,False,2026
466,5071457,2026-10-28,32,Inter Miami CF,960720,FC Cincinnati,722265,False,False,2026
467,5071458,2026-10-28,32,New England Revolution,6580,Red Bull New York,6514,False,False,2026
468,5071459,2026-10-28,32,New York City FC,546238,Atlanta United,773958,False,False,2026
469,5071460,2026-10-28,32,Toronto FC,56453,DC United,6602,False,False,2026
470,5071461,2026-10-28,32,Austin FC,1218886,Real Salt Lake,6606,False,False,2026
471,5071462,2026-10-28,32,Chicago Fire FC,6397,Orlando City,267810,False,False,2026
472,5071463,2026-10-28,32,FC Dallas,6399,Columbus Crew,6001,False,False,2026
473,5071464,2026-10-28,32,Minnesota United,207242,Sporting Kansas City,6604,False,False,2026
474,5071465,2026-10-28,32,Nashville SC,915807,Philadelphia Union,191716,False,False,2026
475,5071468,2026-10-28,32,St. Louis City,1427963,Portland Timbers,307690,False,False,2026
476,5071466,2026-10-28,32,San Jose Earthquakes,6603,Colorado Rapids,8314,False,False,2026
477,5071467,2026-10-28,32,Seattle Sounders FC,130394,Houston Dynamo FC,8259,False,False,2026
478,5071469,2026-10-28,32,Vancouver Whitecaps,307691,San Diego FC,1701119,False,False,2026
479,5071470,2026-10-31,33,Charlotte FC,1323940,Orlando City,267810,False,False,2026
480,5071472,2026-10-31,33,Columbus Crew,6001,DC United,6602,False,False,2026
481,5071471,2026-10-31,33,FC Cincinnati,722265,Philadelphia Union,191716,False,False,2026
482,5071474,2026-10-31,33,New York City FC,546238,CF Montreal,161195,False,False,2026
483,5071476,2026-10-31,33,Sporting Kansas City,6604,FC Dallas,6399,False,False,2026
484,5071479,2026-10-31,33,St. Louis City,1427963,San Diego FC,1701119,False,False,2026
485,5071477,2026-10-31,33,LA Galaxy,6637,Austin FC,1218886,False,False,2026
486,5071478,2026-10-31,33,San Jose Earthquakes,6603,Real Salt Lake,6606,False,False,2026
487,5071475,2026-10-31,33,Colorado Rapids,8314,Chicago Fire FC,6397,False,False,2026
488,5071481,2026-11-01,33,Atlanta United,773958,Toronto FC,56453,False,False,2026
489,5071482,2026-11-01,33,Los Angeles FC,867280,Minnesota United,207242,False,False,2026
490,5071473,2026-11-01,33,Nashville SC,915807,Red Bull New York,6514,False,False,2026
491,5071480,2026-11-01,33,Vancouver Whitecaps,307691,Seattle Sounders FC,130394,False,False,2026
492,5071483,2026-11-01,33,New England Revolution,6580,Inter Miami CF,960720,False,False,2026
493,5071484,2026-11-01,33,Portland Timbers,307690,Houston Dynamo FC,8259,False,False,2026
494,5071429,2026-11-04,30,New York City FC,546238,Los Angeles FC,867280,False,False,2026
495,5071489,2026-11-07,34,CF Montreal,161195,Vancouver Whitecaps,307691,False,False,2026
496,5071485,2026-11-07,34,Chicago Fire FC,6397,Columbus Crew,6001,False,False,2026
497,5071487,2026-11-07,34,DC United,6602,New York City FC,546238,False,False,2026
498,5071486,2026-11-07,34,FC Cincinnati,722265,Nashville SC,915807,False,False,2026
499,5071488,2026-11-07,34,Inter Miami CF,960720,Charlotte FC,1323940,False,False,2026
500,5071491,2026-11-07,34,Orlando City,267810,New England Revolution,6580,False,False,2026
501,5071492,2026-11-07,34,Philadelphia Union,191716,Toronto FC,56453,False,False,2026
502,5071490,2026-11-07,34,Red Bull New York,6514,Atlanta United,773958,False,False,2026
503,5071493,2026-11-07,34,Austin FC,1218886,Portland Timbers,307690,False,False,2026
504,5071494,2026-11-07,34,FC Dallas,6399,Colorado Rapids,8314,False,False,2026
505,5071495,2026-11-07,34,Houston Dynamo FC,8259,St. Louis City,1427963,False,False,2026
506,5071496,2026-11-07,34,Minnesota United,207242,San Jose Earthquakes,6603,False,False,2026
507,5071497,2026-11-07,34,Real Salt Lake,6606,LA Galaxy,6637,False,False,2026
508,5071498,2026-11-07,34,San Diego FC,1701119,Sporting Kansas City,6604,False,False,2026
509,5071499,2026-11-07,34,Seattle Sounders FC,130394,Los Angeles FC,867280,False,False,2026
510,4694246,2025-02-22,1,Los Angeles FC,867280,Minnesota United,207242,True,True,2025
511,4694247,2025-02-22,1,Atlanta United,773958,CF Montreal,161195,True,True,2025
512,4694249,2025-02-22,1,Columbus Crew,6001,Chicago Fire FC,6397,True,True,2025
513,4694250,2025-02-22,1,DC United,6602,Toronto FC,56453,True,True,2025
514,4694248,2025-02-22,1,FC Cincinnati,722265,Red Bull New York,6514,True,True,2025
515,4694245,2025-02-22,1,Inter Miami CF,960720,New York City FC,546238,True,True,2025
516,4694251,2025-02-22,1,Orlando City,267810,Philadelphia Union,191716,True,True,2025
517,4694252,2025-02-22,1,Austin FC,1218886,Sporting Kansas City,6604,True,True,2025
518,4694253,2025-02-22,1,Houston Dynamo FC,8259,FC Dallas,6399,True,True,2025
519,4694254,2025-02-22,1,Nashville SC,915807,New England Revolution,6580,True,True,2025
520,4694255,2025-02-22,1,St. Louis City,1427963,Colorado Rapids,8314,True,True,2025
521,4694256,2025-02-22,1,San Jose Earthquakes,6603,Real Salt Lake,6606,True,True,2025
522,4694257,2025-02-22,1,Seattle Sounders FC,130394,Charlotte FC,1323940,True,True,2025
523,4694258,2025-02-23,1,Portland Timbers,307690,Vancouver Whitecaps,307691,True,True,2025
524,4694259,2025-02-23,1,LA Galaxy,6637,San Diego FC,1701119,True,True,2025
525,4694260,2025-03-01,2,Charlotte FC,1323940,Atlanta United,773958,True,True,2025
526,4694261,2025-03-01,2,Real Salt Lake,6606,Seattle Sounders FC,130394,True,True,2025
527,4694262,2025-03-01,2,New England Revolution,6580,Columbus Crew,6001,True,True,2025
528,4694264,2025-03-01,2,Orlando City,267810,Toronto FC,56453,True,True,2025
529,4694265,2025-03-01,2,Philadelphia Union,191716,FC Cincinnati,722265,True,True,2025
530,4694263,2025-03-01,2,Red Bull New York,6514,Nashville SC,915807,True,True,2025
531,4694266,2025-03-01,2,Chicago Fire FC,6397,DC United,6602,True,True,2025
532,4694268,2025-03-01,2,Minnesota United,207242,CF Montreal,161195,True,True,2025
533,4694267,2025-03-01,2,Sporting Kansas City,6604,San Jose Earthquakes,6603,True,True,2025
534,4694269,2025-03-01,2,Colorado Rapids,8314,FC Dallas,6399,True,True,2025
535,4694270,2025-03-01,2,Los Angeles FC,867280,New York City FC,546238,True,True,2025
536,4694271,2025-03-01,2,Portland Timbers,307690,Austin FC,1218886,True,True,2025
537,4694272,2025-03-01,2,San Diego FC,1701119,St. Louis City,1427963,True,True,2025
538,4694273,2025-03-02,2,Vancouver Whitecaps,307691,LA Galaxy,6637,True,True,2025
539,4694274,2025-03-02,2,Houston Dynamo FC,8259,Inter Miami CF,960720,True,True,2025
540,4694275,2025-03-08,3,Columbus Crew,6001,Houston Dynamo FC,8259,True,True,2025
541,4694276,2025-03-08,3,Seattle Sounders FC,130394,Los Angeles FC,867280,True,True,2025
542,4694277,2025-03-08,3,Atlanta United,773958,Red Bull New York,6514,True,True,2025
543,4694279,2025-03-08,3,DC United,6602,Sporting Kansas City,6604,True,True,2025
544,4694278,2025-03-08,3,FC Cincinnati,722265,Toronto FC,56453,True,True,2025
545,4694280,2025-03-08,3,New England Revolution,6580,Philadelphia Union,191716,True,True,2025
546,4694281,2025-03-08,3,New York City FC,546238,Orlando City,267810,True,True,2025
547,4694282,2025-03-08,3,Austin FC,1218886,Colorado Rapids,8314,True,True,2025
548,4694283,2025-03-08,3,FC Dallas,6399,Chicago Fire FC,6397,True,True,2025
549,4694284,2025-03-08,3,Nashville SC,915807,Portland Timbers,307690,True,True,2025
550,4694285,2025-03-08,3,Real Salt Lake,6606,San Diego FC,1701119,True,True,2025
551,4694286,2025-03-08,3,Vancouver Whitecaps,307691,CF Montreal,161195,True,True,2025
552,4694287,2025-03-08,3,San Jose Earthquakes,6603,Minnesota United,207242,True,True,2025
553,4694288,2025-03-09,3,Inter Miami CF,960720,Charlotte FC,1323940,True,True,2025
554,4694289,2025-03-09,3,LA Galaxy,6637,St. Louis City,1427963,True,True,2025
555,4694290,2025-03-15,4,Red Bull New York,6514,Orlando City,267810,True,True,2025
556,4694291,2025-03-15,4,Toronto FC,56453,Chicago Fire FC,6397,True,True,2025
557,4694292,2025-03-15,4,Los Angeles FC,867280,Austin FC,1218886,True,True,2025
558,4694293,2025-03-15,4,Charlotte FC,1323940,FC Cincinnati,722265,True,True,2025
559,4694294,2025-03-15,4,DC United,6602,CF Montreal,161195,True,True,2025
560,4694295,2025-03-15,4,New York City FC,546238,New England Revolution,6580,True,True,2025
561,4694296,2025-03-15,4,Sporting Kansas City,6604,Minnesota United,207242,True,True,2025
562,4694297,2025-03-15,4,FC Dallas,6399,Vancouver Whitecaps,307691,True,True,2025
563,4694298,2025-03-15,4,Houston Dynamo FC,8259,Real Salt Lake,6606,True,True,2025
564,4694299,2025-03-15,4,St. Louis City,1427963,Seattle Sounders FC,130394,True,True,2025
565,4694300,2025-03-15,4,San Diego FC,1701119,Columbus Crew,6001,True,True,2025
566,4694301,2025-03-15,4,San Jose Earthquakes,6603,Colorado Rapids,8314,True,True,2025
567,4694302,2025-03-16,4,Philadelphia Union,191716,Nashville SC,915807,True,True,2025
568,4694303,2025-03-16,4,Portland Timbers,307690,LA Galaxy,6637,True,True,2025
569,4694304,2025-03-16,4,Atlanta United,773958,Inter Miami CF,960720,True,True,2025
570,4694305,2025-03-22,5,FC Cincinnati,722265,Atlanta United,773958,True,True,2025
571,4694306,2025-03-22,5,Minnesota United,207242,LA Galaxy,6637,True,True,2025
572,4694307,2025-03-22,5,Charlotte FC,1323940,San Jose Earthquakes,6603,True,True,2025
573,4694308,2025-03-22,5,Columbus Crew,6001,New York City FC,546238,True,True,2025
574,4694310,2025-03-22,5,Orlando City,267810,DC United,6602,True,True,2025
575,4694311,2025-03-22,5,Philadelphia Union,191716,St. Louis City,1427963,True,True,2025
576,4694309,2025-03-22,5,Red Bull New York,6514,Toronto FC,56453,True,True,2025
577,4694313,2025-03-22,5,Nashville SC,915807,CF Montreal,161195,True,True,2025
578,4694312,2025-03-22,5,Sporting Kansas City,6604,Los Angeles FC,867280,True,True,2025
579,4694314,2025-03-22,5,Colorado Rapids,8314,Portland Timbers,307690,True,True,2025
580,4694315,2025-03-22,5,Real Salt Lake,6606,FC Dallas,6399,True,True,2025
581,4694316,2025-03-22,5,Seattle Sounders FC,130394,Houston Dynamo FC,8259,True,True,2025
582,4694317,2025-03-22,5,Vancouver Whitecaps,307691,Chicago Fire FC,6397,True,True,2025
583,4694318,2025-03-23,5,Austin FC,1218886,San Diego FC,1701119,True,True,2025
584,4694319,2025-03-29,6,New England Revolution,6580,Red Bull New York,6514,True,True,2025
585,4694320,2025-03-29,6,Toronto FC,56453,Vancouver Whitecaps,307691,True,True,2025
586,4694321,2025-03-29,6,Colorado Rapids,8314,Charlotte FC,1323940,True,True,2025
587,4694322,2025-03-29,6,Atlanta United,773958,New York City FC,546238,True,True,2025
588,4694323,2025-03-29,6,DC United,6602,Columbus Crew,6001,True,True,2025
589,4694324,2025-03-29,6,Inter Miami CF,960720,Philadelphia Union,191716,True,True,2025
590,4694325,2025-03-29,6,Chicago Fire FC,6397,CF Montreal,161195,True,True,2025
591,4694326,2025-03-29,6,FC Dallas,6399,Sporting Kansas City,6604,True,True,2025
592,4694327,2025-03-29,6,Minnesota United,207242,Real Salt Lake,6606,True,True,2025
593,4694328,2025-03-29,6,Nashville SC,915807,FC Cincinnati,722265,True,True,2025
594,4694329,2025-03-29,6,LA Galaxy,6637,Orlando City,267810,True,True,2025
595,4694330,2025-03-29,6,San Diego FC,1701119,Los Angeles FC,867280,True,True,2025
596,4694331,2025-03-29,6,San Jose Earthquakes,6603,Seattle Sounders FC,130394,True,True,2025
597,4694332,2025-03-30,6,St. Louis City,1427963,Austin FC,1218886,True,True,2025
598,4694333,2025-03-30,6,Portland Timbers,307690,Houston Dynamo FC,8259,True,True,2025
599,4694334,2025-04-05,7,Charlotte FC,1323940,Nashville SC,915807,True,True,2025
600,4694335,2025-04-05,7,Real Salt Lake,6606,LA Galaxy,6637,True,True,2025
601,4694336,2025-04-05,7,Atlanta United,773958,FC Dallas,6399,True,True,2025
602,4694339,2025-04-05,7,Columbus Crew,6001,CF Montreal,161195,True,True,2025
603,4694338,2025-04-05,7,FC Cincinnati,722265,New England Revolution,6580,True,True,2025
604,4694341,2025-04-05,7,Philadelphia Union,191716,Orlando City,267810,True,True,2025
605,4694340,2025-04-05,7,Red Bull New York,6514,Chicago Fire FC,6397,True,True,2025
606,4694337,2025-04-05,7,Austin FC,1218886,Portland Timbers,307690,True,True,2025
607,4694342,2025-04-05,7,Houston Dynamo FC,8259,Los Angeles FC,867280,True,True,2025
608,4694343,2025-04-05,7,Sporting Kansas City,6604,St. Louis City,1427963,True,True,2025
609,4694344,2025-04-05,7,Vancouver Whitecaps,307691,Colorado Rapids,8314,True,True,2025
610,4694345,2025-04-05,7,San Diego FC,1701119,Seattle Sounders FC,130394,True,True,2025
611,4694346,2025-04-06,7,New York City FC,546238,Minnesota United,207242,True,True,2025
612,4694347,2025-04-06,7,San Jose Earthquakes,6603,DC United,6602,True,True,2025
613,4694348,2025-04-06,7,Inter Miami CF,960720,Toronto FC,56453,True,True,2025
614,4694350,2025-04-12,8,Toronto FC,56453,Minnesota United,207242,True,True,2025
615,4694349,2025-04-12,8,Atlanta United,773958,New England Revolution,6580,True,True,2025
616,4694351,2025-04-12,8,Orlando City,267810,Red Bull New York,6514,True,True,2025
617,4694353,2025-04-12,8,CF Montreal,161195,Charlotte FC,1323940,True,True,2025
618,4694352,2025-04-12,8,DC United,6602,FC Cincinnati,722265,True,True,2025
619,4694354,2025-04-12,8,New York City FC,546238,Philadelphia Union,191716,True,True,2025
620,4694355,2025-04-12,8,Vancouver Whitecaps,307691,Austin FC,1218886,True,True,2025
621,4694356,2025-04-12,8,FC Dallas,6399,Seattle Sounders FC,130394,True,True,2025
622,4694357,2025-04-12,8,Nashville SC,915807,Real Salt Lake,6606,True,True,2025
623,4694358,2025-04-12,8,Colorado Rapids,8314,San Diego FC,1701119,True,True,2025
624,4694359,2025-04-12,8,LA Galaxy,6637,Houston Dynamo FC,8259,True,True,2025
625,4694360,2025-04-12,8,Los Angeles FC,867280,San Jose Earthquakes,6603,True,True,2025
626,4694361,2025-04-13,8,Sporting Kansas City,6604,Portland Timbers,307690,True,True,2025
627,4694362,2025-04-13,8,Chicago Fire FC,6397,Inter Miami CF,960720,True,True,2025
628,4694363,2025-04-13,8,St. Louis City,1427963,Columbus Crew,6001,True,True,2025
629,4694364,2025-04-19,9,Austin FC,1218886,LA Galaxy,6637,True,True,2025
630,4694365,2025-04-19,9,Columbus Crew,6001,Inter Miami CF,960720,True,True,2025
631,4694367,2025-04-19,9,CF Montreal,161195,Orlando City,267810,True,True,2025
632,4694366,2025-04-19,9,Charlotte FC,1323940,San Diego FC,1701119,True,True,2025
633,4694368,2025-04-19,9,New England Revolution,6580,New York City FC,546238,True,True,2025
634,4694370,2025-04-19,9,Philadelphia Union,191716,Atlanta United,773958,True,True,2025
635,4694369,2025-04-19,9,Red Bull New York,6514,DC United,6602,True,True,2025
636,4694371,2025-04-19,9,Seattle Sounders FC,130394,Nashville SC,915807,True,True,2025
637,4694372,2025-04-19,9,Chicago Fire FC,6397,FC Cincinnati,722265,True,True,2025
638,4694373,2025-04-19,9,Houston Dynamo FC,8259,Colorado Rapids,8314,True,True,2025
639,4694374,2025-04-19,9,Minnesota United,207242,FC Dallas,6399,True,True,2025
640,4694375,2025-04-19,9,St. Louis City,1427963,Vancouver Whitecaps,307691,True,True,2025
641,4694376,2025-04-19,9,Real Salt Lake,6606,Toronto FC,56453,True,True,2025
642,4694377,2025-04-19,9,Portland Timbers,307690,Los Angeles FC,867280,True,True,2025
643,4694378,2025-04-19,9,San Jose Earthquakes,6603,Sporting Kansas City,6604,True,True,2025
644,4694379,2025-04-26,10,FC Cincinnati,722265,Sporting Kansas City,6604,True,True,2025
645,4694380,2025-04-26,10,Toronto FC,56453,New York City FC,546238,True,True,2025
646,4694382,2025-04-26,10,Philadelphia Union,191716,DC United,6602,True,True,2025
647,4694381,2025-04-26,10,Red Bull New York,6514,CF Montreal,161195,True,True,2025
648,4694383,2025-04-26,10,Orlando City,267810,Atlanta United,773958,True,True,2025
649,4694384,2025-04-26,10,Charlotte FC,1323940,New England Revolution,6580,True,True,2025
650,4694385,2025-04-26,10,Columbus Crew,6001,San Jose Earthquakes,6603,True,True,2025
651,4694387,2025-04-26,10,San Diego FC,1701119,Real Salt Lake,6606,True,True,2025
652,4694388,2025-04-26,10,Houston Dynamo FC,8259,Austin FC,1218886,True,True,2025
653,4694390,2025-04-26,10,Nashville SC,915807,Chicago Fire FC,6397,True,True,2025
654,4694391,2025-04-26,10,Colorado Rapids,8314,Seattle Sounders FC,130394,True,True,2025
655,4694389,2025-04-27,10,Minnesota United,207242,Vancouver Whitecaps,307691,True,True,2025
656,4694386,2025-04-27,10,Inter Miami CF,960720,FC Dallas,6399,True,True,2025
657,4694393,2025-04-27,10,Los Angeles FC,867280,St. Louis City,1427963,True,True,2025
658,4694392,2025-04-27,10,LA Galaxy,6637,Portland Timbers,307690,True,True,2025
659,4694394,2025-05-03,11,Atlanta United,773958,Nashville SC,915807,True,True,2025
660,4694395,2025-05-03,11,Toronto FC,56453,New England Revolution,6580,True,True,2025
661,4694399,2025-05-03,11,CF Montreal,161195,Philadelphia Union,191716,True,True,2025
662,4694396,2025-05-03,11,Columbus Crew,6001,Charlotte FC,1323940,True,True,2025
663,4694397,2025-05-03,11,DC United,6602,Colorado Rapids,8314,True,True,2025
664,4694398,2025-05-03,11,Inter Miami CF,960720,Red Bull New York,6514,True,True,2025
665,4694400,2025-05-03,11,Austin FC,1218886,Minnesota United,207242,True,True,2025
666,4694401,2025-05-03,11,Chicago Fire FC,6397,Orlando City,267810,True,True,2025
667,4694402,2025-05-03,11,San Diego FC,1701119,FC Dallas,6399,True,True,2025
668,4694403,2025-05-03,11,Vancouver Whitecaps,307691,Real Salt Lake,6606,True,True,2025
669,4694404,2025-05-03,11,Los Angeles FC,867280,Houston Dynamo FC,8259,True,True,2025
670,4694405,2025-05-03,11,San Jose Earthquakes,6603,Portland Timbers,307690,True,True,2025
671,4694406,2025-05-03,11,Seattle Sounders FC,130394,St. Louis City,1427963,True,True,2025
672,4694407,2025-05-04,11,New York City FC,546238,FC Cincinnati,722265,True,True,2025
673,4694408,2025-05-04,11,Sporting Kansas City,6604,LA Galaxy,6637,True,True,2025
674,4694409,2025-05-10,12,Chicago Fire FC,6397,Atlanta United,773958,True,True,2025
675,4694410,2025-05-10,12,Minnesota United,207242,Inter Miami CF,960720,True,True,2025
676,4694411,2025-05-10,12,Toronto FC,56453,DC United,6602,True,True,2025
677,4694412,2025-05-10,12,FC Cincinnati,722265,Austin FC,1218886,True,True,2025
678,4694414,2025-05-10,12,New York City FC,546238,CF Montreal,161195,True,True,2025
679,4694415,2025-05-10,12,Orlando City,267810,New England Revolution,6580,True,True,2025
680,4694416,2025-05-10,12,Philadelphia Union,191716,Columbus Crew,6001,True,True,2025
681,4694413,2025-05-10,12,Red Bull New York,6514,LA Galaxy,6637,True,True,2025
682,4694417,2025-05-10,12,FC Dallas,6399,Real Salt Lake,6606,True,True,2025
683,4694418,2025-05-10,12,Houston Dynamo FC,8259,Seattle Sounders FC,130394,True,True,2025
684,4694419,2025-05-10,12,Nashville SC,915807,Charlotte FC,1323940,True,True,2025
685,4694420,2025-05-10,12,St. Louis City,1427963,San Diego FC,1701119,True,True,2025
686,4694421,2025-05-10,12,Colorado Rapids,8314,San Jose Earthquakes,6603,True,True,2025
687,4694422,2025-05-10,12,Portland Timbers,307690,Sporting Kansas City,6604,True,True,2025
688,4694423,2025-05-11,12,Vancouver Whitecaps,307691,Los Angeles FC,867280,True,True,2025
689,4694425,2025-05-14,13,CF Montreal,161195,Columbus Crew,6001,True,True,2025
690,4694424,2025-05-14,13,DC United,6602,New York City FC,546238,True,True,2025
691,4694426,2025-05-14,13,Orlando City,267810,Charlotte FC,1323940,True,True,2025
692,4694427,2025-05-14,13,Philadelphia Union,191716,LA Galaxy,6637,True,True,2025
693,4694428,2025-05-14,13,Toronto FC,56453,FC Cincinnati,722265,True,True,2025
694,4694430,2025-05-14,13,Houston Dynamo FC,8259,Minnesota United,207242,True,True,2025
695,4694431,2025-05-14,13,Nashville SC,915807,Red Bull New York,6514,True,True,2025
696,4694432,2025-05-14,13,St. Louis City,1427963,Sporting Kansas City,6604,True,True,2025
697,4694429,2025-05-14,13,Austin FC,1218886,Atlanta United,773958,True,True,2025
698,4694433,2025-05-14,13,Real Salt Lake,6606,Portland Timbers,307690,True,True,2025
699,4694434,2025-05-14,13,Los Angeles FC,867280,Seattle Sounders FC,130394,True,True,2025
700,4694435,2025-05-14,13,San Diego FC,1701119,Colorado Rapids,8314,True,True,2025
701,4694436,2025-05-14,13,San Jose Earthquakes,6603,Inter Miami CF,960720,True,True,2025
702,4694437,2025-05-17,14,CF Montreal,161195,Toronto FC,56453,True,True,2025
703,4694438,2025-05-17,14,New York City FC,546238,Red Bull New York,6514,True,True,2025
704,4694439,2025-05-17,14,Columbus Crew,6001,FC Cincinnati,722265,True,True,2025
705,4694440,2025-05-17,14,Atlanta United,773958,Philadelphia Union,191716,True,True,2025
706,4694441,2025-05-17,14,Charlotte FC,1323940,Chicago Fire FC,6397,True,True,2025
707,4694442,2025-05-17,14,New England Revolution,6580,San Jose Earthquakes,6603,True,True,2025
708,4694443,2025-05-17,14,Austin FC,1218886,Vancouver Whitecaps,307691,True,True,2025
709,4694445,2025-05-17,14,Minnesota United,207242,St. Louis City,1427963,True,True,2025
710,4694446,2025-05-17,14,Nashville SC,915807,DC United,6602,True,True,2025
711,4694444,2025-05-17,14,FC Dallas,6399,Houston Dynamo FC,8259,True,True,2025
712,4694447,2025-05-17,14,Colorado Rapids,8314,Real Salt Lake,6606,True,True,2025
713,4694448,2025-05-17,14,Portland Timbers,307690,Seattle Sounders FC,130394,True,True,2025
714,4694449,2025-05-17,14,San Diego FC,1701119,Sporting Kansas City,6604,True,True,2025
715,4694450,2025-05-18,14,Inter Miami CF,960720,Orlando City,267810,True,True,2025
716,4694451,2025-05-18,14,LA Galaxy,6637,Los Angeles FC,867280,True,True,2025
717,4694452,2025-05-24,15,Seattle Sounders FC,130394,FC Dallas,6399,True,True,2025
718,4694453,2025-05-24,15,San Diego FC,1701119,LA Galaxy,6637,True,True,2025
719,4694456,2025-05-24,15,CF Montreal,161195,Los Angeles FC,867280,True,True,2025
720,4694454,2025-05-24,15,Charlotte FC,1323940,Columbus Crew,6001,True,True,2025
721,4694455,2025-05-24,15,DC United,6602,Red Bull New York,6514,True,True,2025
722,4694457,2025-05-24,15,Orlando City,267810,Portland Timbers,307690,True,True,2025
723,4694458,2025-05-24,15,Philadelphia Union,191716,Inter Miami CF,960720,True,True,2025
724,4694459,2025-05-24,15,Toronto FC,56453,Nashville SC,915807,True,True,2025
725,4694461,2025-05-24,15,Minnesota United,207242,Austin FC,1218886,True,True,2025
726,4694460,2025-05-24,15,Sporting Kansas City,6604,New England Revolution,6580,True,True,2025
727,4694462,2025-05-24,15,Colorado Rapids,8314,St. Louis City,1427963,True,True,2025
728,4694463,2025-05-24,15,Real Salt Lake,6606,Vancouver Whitecaps,307691,True,True,2025
729,4694464,2025-05-24,15,San Jose Earthquakes,6603,Houston Dynamo FC,8259,True,True,2025
730,4694465,2025-05-25,15,New York City FC,546238,Chicago Fire FC,6397,True,True,2025
731,4694466,2025-05-25,15,Atlanta United,773958,FC Cincinnati,722265,True,True,2025
732,4694467,2025-05-28,16,Atlanta United,773958,Orlando City,267810,True,True,2025
733,4694469,2025-05-28,16,DC United,6602,New England Revolution,6580,True,True,2025
734,4694468,2025-05-28,16,FC Cincinnati,722265,FC Dallas,6399,True,True,2025
735,4694470,2025-05-28,16,Inter Miami CF,960720,CF Montreal,161195,True,True,2025
736,4694472,2025-05-28,16,New York City FC,546238,Houston Dynamo FC,8259,True,True,2025
737,4694471,2025-05-28,16,Red Bull New York,6514,Charlotte FC,1323940,True,True,2025
738,4694473,2025-05-28,16,Toronto FC,56453,Philadelphia Union,191716,True,True,2025
739,4694474,2025-05-28,16,Columbus Crew,6001,Nashville SC,915807,True,True,2025
740,4694476,2025-05-28,16,Seattle Sounders FC,130394,San Diego FC,1701119,True,True,2025
741,4694475,2025-05-28,16,Austin FC,1218886,Real Salt Lake,6606,True,True,2025
742,4694477,2025-05-28,16,LA Galaxy,6637,San Jose Earthquakes,6603,True,True,2025
743,4694479,2025-05-28,16,Portland Timbers,307690,Colorado Rapids,8314,True,True,2025
744,4694480,2025-05-28,16,Vancouver Whitecaps,307691,Minnesota United,207242,True,True,2025
745,4694481,2025-05-31,17,St. Louis City,1427963,San Jose Earthquakes,6603,True,True,2025
746,4694482,2025-05-31,17,Nashville SC,915807,New York City FC,546238,True,True,2025
747,4694485,2025-05-31,17,CF Montreal,161195,New England Revolution,6580,True,True,2025
748,4694483,2025-05-31,17,FC Cincinnati,722265,DC United,6602,True,True,2025
749,4694484,2025-05-31,17,Inter Miami CF,960720,Columbus Crew,6001,True,True,2025
750,4694487,2025-05-31,17,Orlando City,267810,Chicago Fire FC,6397,True,True,2025
751,4694486,2025-05-31,17,Red Bull New York,6514,Atlanta United,773958,True,True,2025
752,4694488,2025-05-31,17,Toronto FC,56453,Charlotte FC,1323940,True,True,2025
753,4694489,2025-05-31,17,FC Dallas,6399,Philadelphia Union,191716,True,True,2025
754,4694490,2025-05-31,17,Houston Dynamo FC,8259,Sporting Kansas City,6604,True,True,2025
755,4694492,2025-05-31,17,LA Galaxy,6637,Real Salt Lake,6606,True,True,2025
756,4694494,2025-05-31,17,San Diego FC,1701119,Austin FC,1218886,True,True,2025
757,4694495,2025-06-01,17,Seattle Sounders FC,130394,Minnesota United,207242,True,True,2025
758,4694496,2025-06-07,17,DC United,6602,Chicago Fire FC,6397,True,True,2025
759,4694497,2025-06-07,24,Colorado Rapids,8314,Austin FC,1218886,True,True,2025
760,4694498,2025-06-08,16,Portland Timbers,307690,St. Louis City,1427963,True,True,2025
761,4694478,2025-06-08,16,Los Angeles FC,867280,Sporting Kansas City,6604,True,True,2025
762,4694499,2025-06-08,18,Vancouver Whitecaps,307691,Seattle Sounders FC,130394,True,True,2025
763,4694500,2025-06-12,18,New York City FC,546238,Atlanta United,773958,True,True,2025
764,4694502,2025-06-13,18,Portland Timbers,307690,San Jose Earthquakes,6603,True,True,2025
765,4694503,2025-06-14,18,St. Louis City,1427963,LA Galaxy,6637,True,True,2025
766,4694504,2025-06-14,18,Columbus Crew,6001,Vancouver Whitecaps,307691,True,True,2025
767,4694505,2025-06-14,18,New England Revolution,6580,FC Cincinnati,722265,True,True,2025
768,4694506,2025-06-14,18,Philadelphia Union,191716,Charlotte FC,1323940,True,True,2025
769,4694507,2025-06-14,18,Austin FC,1218886,Red Bull New York,6514,True,True,2025
770,4694508,2025-06-14,18,Chicago Fire FC,6397,Nashville SC,915807,True,True,2025
771,4694509,2025-06-14,18,Houston Dynamo FC,8259,CF Montreal,161195,True,True,2025
772,4694511,2025-06-14,18,Minnesota United,207242,San Diego FC,1701119,True,True,2025
773,4694510,2025-06-14,18,Sporting Kansas City,6604,FC Dallas,6399,True,True,2025
774,4694512,2025-06-14,18,Colorado Rapids,8314,Orlando City,267810,True,True,2025
775,4694513,2025-06-14,18,Real Salt Lake,6606,DC United,6602,True,True,2025
776,4694515,2025-06-25,19,CF Montreal,161195,FC Cincinnati,722265,True,True,2025
777,4694514,2025-06-25,19,Columbus Crew,6001,Atlanta United,773958,True,True,2025
778,4694516,2025-06-25,19,New England Revolution,6580,Nashville SC,915807,True,True,2025
779,4694517,2025-06-25,19,Toronto FC,56453,Red Bull New York,6514,True,True,2025
780,4694518,2025-06-25,19,Chicago Fire FC,6397,Philadelphia Union,191716,True,True,2025
781,4694521,2025-06-25,19,Minnesota United,207242,Houston Dynamo FC,8259,True,True,2025
782,4694520,2025-06-25,19,Sporting Kansas City,6604,Charlotte FC,1323940,True,True,2025
783,4694522,2025-06-25,19,St. Louis City,1427963,Orlando City,267810,True,True,2025
784,4694519,2025-06-25,19,FC Dallas,6399,San Jose Earthquakes,6603,True,True,2025
785,4694525,2025-06-25,19,Vancouver Whitecaps,307691,San Diego FC,1701119,True,True,2025
786,4694523,2025-06-25,19,Colorado Rapids,8314,LA Galaxy,6637,True,True,2025
787,4694528,2025-06-28,20,CF Montreal,161195,New York City FC,546238,True,True,2025
788,4694526,2025-06-28,20,DC United,6602,Nashville SC,915807,True,True,2025
789,4694529,2025-06-28,20,New England Revolution,6580,Colorado Rapids,8314,True,True,2025
790,4694531,2025-06-28,20,Orlando City,267810,FC Cincinnati,722265,True,True,2025
791,4694530,2025-06-28,20,Red Bull New York,6514,Minnesota United,207242,True,True,2025
792,4694532,2025-06-28,20,Toronto FC,56453,Portland Timbers,307690,True,True,2025
793,4694533,2025-06-28,20,Chicago Fire FC,6397,Charlotte FC,1323940,True,True,2025
794,4694534,2025-06-28,20,FC Dallas,6399,San Diego FC,1701119,True,True,2025
795,4694535,2025-06-28,20,Houston Dynamo FC,8259,St. Louis City,1427963,True,True,2025
796,4694536,2025-06-28,20,Sporting Kansas City,6604,Real Salt Lake,6606,True,True,2025
797,4694538,2025-06-28,20,San Jose Earthquakes,6603,LA Galaxy,6637,True,True,2025
798,4694539,2025-06-28,20,Seattle Sounders FC,130394,Austin FC,1218886,True,True,2025
799,4694540,2025-06-29,20,Columbus Crew,6001,Philadelphia Union,191716,True,True,2025
800,4694537,2025-06-29,20,Los Angeles FC,867280,Vancouver Whitecaps,307691,True,True,2025
801,4694541,2025-07-03,21,New York City FC,546238,Toronto FC,56453,True,True,2025
802,4694542,2025-07-04,21,FC Dallas,6399,Minnesota United,207242,True,True,2025
803,4694543,2025-07-04,21,Colorado Rapids,8314,Sporting Kansas City,6604,True,True,2025
804,4694544,2025-07-04,21,LA Galaxy,6637,Vancouver Whitecaps,307691,True,True,2025
805,4694545,2025-07-05,21,Charlotte FC,1323940,Orlando City,267810,True,True,2025
806,4694548,2025-07-05,21,CF Montreal,161195,Inter Miami CF,960720,True,True,2025
807,4694547,2025-07-05,21,DC United,6602,Atlanta United,773958,True,True,2025
808,4694546,2025-07-05,21,FC Cincinnati,722265,Chicago Fire FC,6397,True,True,2025
809,4694550,2025-07-05,21,Nashville SC,915807,Philadelphia Union,191716,True,True,2025
810,4694551,2025-07-05,21,Real Salt Lake,6606,St. Louis City,1427963,True,True,2025
811,4694552,2025-07-05,21,Portland Timbers,307690,New England Revolution,6580,True,True,2025
812,4694553,2025-07-05,21,San Diego FC,1701119,Houston Dynamo FC,8259,True,True,2025
813,4694554,2025-07-05,21,San Jose Earthquakes,6603,Red Bull New York,6514,True,True,2025
814,4694555,2025-07-06,21,Seattle Sounders FC,130394,Columbus Crew,6001,True,True,2025
815,4694556,2025-07-09,5,New England Revolution,6580,Inter Miami CF,960720,True,True,2025
816,4694493,2025-07-09,17,Los Angeles FC,867280,Colorado Rapids,8314,True,True,2025
817,4694560,2025-07-12,22,Orlando City,267810,CF Montreal,161195,True,True,2025
818,4694561,2025-07-12,22,Philadelphia Union,191716,Red Bull New York,6514,True,True,2025
819,4694562,2025-07-12,22,Toronto FC,56453,Atlanta United,773958,True,True,2025
820,4694559,2025-07-12,22,Inter Miami CF,960720,Nashville SC,915807,True,True,2025
821,4694563,2025-07-12,22,Austin FC,1218886,New England Revolution,6580,True,True,2025
822,4694564,2025-07-12,22,Chicago Fire FC,6397,San Diego FC,1701119,True,True,2025
823,4694566,2025-07-12,22,Minnesota United,207242,San Jose Earthquakes,6603,True,True,2025
824,4694565,2025-07-12,22,Sporting Kansas City,6604,Seattle Sounders FC,130394,True,True,2025
825,4694558,2025-07-12,22,FC Cincinnati,722265,Columbus Crew,6001,True,True,2025
826,4694557,2025-07-12,22,Charlotte FC,1323940,New York City FC,546238,True,True,2025
827,4694567,2025-07-12,22,Colorado Rapids,8314,Vancouver Whitecaps,307691,True,True,2025
828,4694568,2025-07-12,22,Real Salt Lake,6606,Houston Dynamo FC,8259,True,True,2025
829,4694569,2025-07-12,22,LA Galaxy,6637,DC United,6602,True,True,2025
830,4694570,2025-07-12,22,Los Angeles FC,867280,FC Dallas,6399,True,True,2025
831,4694571,2025-07-13,22,St. Louis City,1427963,Portland Timbers,307690,True,True,2025
832,4694572,2025-07-16,23,Atlanta United,773958,Chicago Fire FC,6397,True,True,2025
833,4694573,2025-07-16,23,Charlotte FC,1323940,DC United,6602,True,True,2025
834,4694574,2025-07-16,23,FC Cincinnati,722265,Inter Miami CF,960720,True,True,2025
835,4694577,2025-07-16,23,Philadelphia Union,191716,CF Montreal,161195,True,True,2025
836,4694575,2025-07-16,23,Red Bull New York,6514,New England Revolution,6580,True,True,2025
837,4694576,2025-07-16,23,Orlando City,267810,New York City FC,546238,True,True,2025
838,4694578,2025-07-16,23,Houston Dynamo FC,8259,Vancouver Whitecaps,307691,True,True,2025
839,4694579,2025-07-16,23,Minnesota United,207242,Los Angeles FC,867280,True,True,2025
840,4694580,2025-07-16,23,Nashville SC,915807,Columbus Crew,6001,True,True,2025
841,4694581,2025-07-16,23,Seattle Sounders FC,130394,Colorado Rapids,8314,True,True,2025
842,4694582,2025-07-16,23,LA Galaxy,6637,Austin FC,1218886,True,True,2025
843,4694583,2025-07-16,23,Portland Timbers,307690,Real Salt Lake,6606,True,True,2025
844,4694584,2025-07-16,23,San Diego FC,1701119,Toronto FC,56453,True,True,2025
845,4694585,2025-07-16,23,San Jose Earthquakes,6603,FC Dallas,6399,True,True,2025
846,4694586,2025-07-19,24,Atlanta United,773958,Charlotte FC,1323940,True,True,2025
847,4694588,2025-07-19,24,CF Montreal,161195,Chicago Fire FC,6397,True,True,2025
848,4694587,2025-07-19,24,Columbus Crew,6001,DC United,6602,True,True,2025
849,4694589,2025-07-19,24,New England Revolution,6580,Orlando City,267810,True,True,2025
850,4694590,2025-07-19,24,Red Bull New York,6514,Inter Miami CF,960720,True,True,2025
851,4694591,2025-07-19,24,FC Dallas,6399,St. Louis City,1427963,True,True,2025
852,4694592,2025-07-19,24,Houston Dynamo FC,8259,Philadelphia Union,191716,True,True,2025
853,4694595,2025-07-19,24,Seattle Sounders FC,130394,San Jose Earthquakes,6603,True,True,2025
854,4694593,2025-07-19,24,Sporting Kansas City,6604,New York City FC,546238,True,True,2025
855,4694594,2025-07-19,24,Nashville SC,915807,Toronto FC,56453,True,True,2025
856,4694596,2025-07-19,24,Real Salt Lake,6606,FC Cincinnati,722265,True,True,2025
857,4694597,2025-07-19,24,Los Angeles FC,867280,LA Galaxy,6637,True,True,2025
858,4694598,2025-07-19,24,Portland Timbers,307690,Minnesota United,207242,True,True,2025
859,4694599,2025-07-19,24,San Diego FC,1701119,Vancouver Whitecaps,307691,True,True,2025
860,4694601,2025-07-25,25,New England Revolution,6580,CF Montreal,161195,True,True,2025
861,4694602,2025-07-25,25,FC Dallas,6399,New York City FC,546238,True,True,2025
862,4694600,2025-07-25,25,Columbus Crew,6001,Orlando City,267810,True,True,2025
863,4694604,2025-07-25,25,Los Angeles FC,867280,Portland Timbers,307690,True,True,2025
864,4694605,2025-07-25,25,San Diego FC,1701119,Nashville SC,915807,True,True,2025
865,4694606,2025-07-26,25,Inter Miami CF,960720,FC Cincinnati,722265,True,True,2025
866,4694607,2025-07-26,25,Atlanta United,773958,Seattle Sounders FC,130394,True,True,2025
867,4694608,2025-07-26,25,Charlotte FC,1323940,Toronto FC,56453,True,True,2025
868,4694609,2025-07-26,25,DC United,6602,Austin FC,1218886,True,True,2025
869,4694610,2025-07-26,25,Philadelphia Union,191716,Colorado Rapids,8314,True,True,2025
870,4694611,2025-07-26,25,Chicago Fire FC,6397,Red Bull New York,6514,True,True,2025
871,4694612,2025-07-26,25,St. Louis City,1427963,Minnesota United,207242,True,True,2025
872,4694613,2025-07-26,25,Real Salt Lake,6606,San Jose Earthquakes,6603,True,True,2025
873,4694614,2025-07-26,25,Vancouver Whitecaps,307691,Sporting Kansas City,6604,True,True,2025
874,4694615,2025-08-09,26,CF Montreal,161195,Atlanta United,773958,True,True,2025
875,4694616,2025-08-09,26,New England Revolution,6580,DC United,6602,True,True,2025
876,4694618,2025-08-09,26,Philadelphia Union,191716,Toronto FC,56453,True,True,2025
877,4694619,2025-08-09,26,Austin FC,1218886,Houston Dynamo FC,8259,True,True,2025
878,4694620,2025-08-09,26,Chicago Fire FC,6397,Los Angeles FC,867280,True,True,2025
879,4694621,2025-08-09,26,FC Dallas,6399,Portland Timbers,307690,True,True,2025
880,4694623,2025-08-09,26,St. Louis City,1427963,Nashville SC,915807,True,True,2025
881,4694622,2025-08-09,26,Sporting Kansas City,6604,San Diego FC,1701119,True,True,2025
882,4694624,2025-08-09,26,San Jose Earthquakes,6603,Vancouver Whitecaps,307691,True,True,2025
883,4694625,2025-08-10,26,FC Cincinnati,722265,Charlotte FC,1323940,True,True,2025
884,4694626,2025-08-10,26,Minnesota United,207242,Colorado Rapids,8314,True,True,2025
885,4694627,2025-08-10,26,Red Bull New York,6514,Real Salt Lake,6606,True,True,2025
886,4694628,2025-08-10,26,Orlando City,267810,Inter Miami CF,960720,True,True,2025
887,4694629,2025-08-10,26,LA Galaxy,6637,Seattle Sounders FC,130394,True,True,2025
888,4694632,2025-08-16,27,CF Montreal,161195,DC United,6602,True,True,2025
889,4694630,2025-08-16,27,Charlotte FC,1323940,Real Salt Lake,6606,True,True,2025
890,4694631,2025-08-16,27,Inter Miami CF,960720,LA Galaxy,6637,True,True,2025
891,4694633,2025-08-16,27,New England Revolution,6580,Los Angeles FC,867280,True,True,2025
892,4694634,2025-08-16,27,Red Bull New York,6514,Philadelphia Union,191716,True,True,2025
893,4694636,2025-08-16,27,Toronto FC,56453,Columbus Crew,6001,True,True,2025
894,4694637,2025-08-16,27,Austin FC,1218886,FC Dallas,6399,True,True,2025
895,4694639,2025-08-16,27,Minnesota United,207242,Seattle Sounders FC,130394,True,True,2025
896,4694640,2025-08-16,27,Colorado Rapids,8314,Atlanta United,773958,True,True,2025
897,4694638,2025-08-16,27,Chicago Fire FC,6397,St. Louis City,1427963,True,True,2025
898,4694641,2025-08-16,27,Portland Timbers,307690,FC Cincinnati,722265,True,True,2025
899,4694635,2025-08-16,27,Orlando City,267810,Sporting Kansas City,6604,True,True,2025
900,4694642,2025-08-17,27,New York City FC,546238,Nashville SC,915807,True,True,2025
901,4694643,2025-08-17,27,San Jose Earthquakes,6603,San Diego FC,1701119,True,True,2025
902,4694644,2025-08-17,27,Vancouver Whitecaps,307691,Houston Dynamo FC,8259,True,True,2025
903,4694648,2025-08-23,28,CF Montreal,161195,Austin FC,1218886,True,True,2025
904,4694646,2025-08-23,28,Columbus Crew,6001,New England Revolution,6580,True,True,2025
905,4694647,2025-08-23,28,DC United,6602,Inter Miami CF,960720,True,True,2025
906,4694645,2025-08-23,28,FC Cincinnati,722265,New York City FC,546238,True,True,2025
907,4694649,2025-08-23,28,Philadelphia Union,191716,Chicago Fire FC,6397,True,True,2025
908,4694650,2025-08-23,28,FC Dallas,6399,Los Angeles FC,867280,True,True,2025
909,4694651,2025-08-23,28,Houston Dynamo FC,8259,San Jose Earthquakes,6603,True,True,2025
910,4694652,2025-08-23,28,Nashville SC,915807,Orlando City,267810,True,True,2025
911,4694653,2025-08-23,28,Real Salt Lake,6606,Minnesota United,207242,True,True,2025
912,4694654,2025-08-23,28,Vancouver Whitecaps,307691,St. Louis City,1427963,True,True,2025
913,4694655,2025-08-23,28,LA Galaxy,6637,Colorado Rapids,8314,True,True,2025
914,4694656,2025-08-23,28,San Diego FC,1701119,Portland Timbers,307690,True,True,2025
915,4694657,2025-08-24,28,Atlanta United,773958,Toronto FC,56453,True,True,2025
916,4694658,2025-08-24,28,Charlotte FC,1323940,Red Bull New York,6514,True,True,2025
917,4694659,2025-08-24,28,Seattle Sounders FC,130394,Sporting Kansas City,6604,True,True,2025
918,4694660,2025-08-30,29,FC Cincinnati,722265,Philadelphia Union,191716,True,True,2025
919,4694662,2025-08-30,29,New England Revolution,6580,Charlotte FC,1323940,True,True,2025
920,4694664,2025-08-30,29,New York City FC,546238,DC United,6602,True,True,2025
921,4694663,2025-08-30,29,Red Bull New York,6514,Columbus Crew,6001,True,True,2025
922,4694666,2025-08-30,29,Toronto FC,56453,CF Montreal,161195,True,True,2025
923,4694667,2025-08-30,29,Austin FC,1218886,San Jose Earthquakes,6603,True,True,2025
924,4694669,2025-08-30,29,Minnesota United,207242,Portland Timbers,307690,True,True,2025
925,4694670,2025-08-30,29,Nashville SC,915807,Atlanta United,773958,True,True,2025
926,4694668,2025-08-30,29,Sporting Kansas City,6604,Colorado Rapids,8314,True,True,2025
927,4694671,2025-08-30,29,St. Louis City,1427963,Houston Dynamo FC,8259,True,True,2025
928,4694674,2025-08-31,29,Los Angeles FC,867280,San Diego FC,1701119,True,True,2025
929,4694675,2025-09-06,13,Chicago Fire FC,6397,New England Revolution,6580,True,True,2025
930,4694603,2025-09-06,25,Houston Dynamo FC,8259,LA Galaxy,6637,True,True,2025
931,4694676,2025-09-06,30,St. Louis City,1427963,FC Dallas,6399,True,True,2025
932,4694677,2025-09-07,29,Sporting Kansas City,6604,Austin FC,1218886,True,True,2025
933,4694678,2025-09-13,30,Atlanta United,773958,Columbus Crew,6001,True,True,2025
934,4694682,2025-09-13,30,CF Montreal,161195,St. Louis City,1427963,True,True,2025
935,4694679,2025-09-13,30,Charlotte FC,1323940,Inter Miami CF,960720,True,True,2025
936,4694681,2025-09-13,30,DC United,6602,Orlando City,267810,True,True,2025
937,4694680,2025-09-13,30,FC Cincinnati,722265,Nashville SC,915807,True,True,2025
938,4694683,2025-09-13,30,New England Revolution,6580,Toronto FC,56453,True,True,2025
939,4694685,2025-09-13,30,Chicago Fire FC,6397,New York City FC,546238,True,True,2025
940,4694686,2025-09-13,30,FC Dallas,6399,Austin FC,1218886,True,True,2025
941,4694684,2025-09-13,30,San Jose Earthquakes,6603,Los Angeles FC,867280,True,True,2025
942,4694687,2025-09-13,30,Seattle Sounders FC,130394,LA Galaxy,6637,True,True,2025
943,4694688,2025-09-13,30,Colorado Rapids,8314,Houston Dynamo FC,8259,True,True,2025
944,4694689,2025-09-13,30,Real Salt Lake,6606,Sporting Kansas City,6604,True,True,2025
945,4694690,2025-09-13,30,Vancouver Whitecaps,307691,Philadelphia Union,191716,True,True,2025
946,4694691,2025-09-13,30,Portland Timbers,307690,Red Bull New York,6514,True,True,2025
947,4694692,2025-09-13,30,San Diego FC,1701119,Minnesota United,207242,True,True,2025
948,4694693,2025-09-16,18,Inter Miami CF,960720,Seattle Sounders FC,130394,True,True,2025
949,4694617,2025-09-17,26,New York City FC,546238,Columbus Crew,6001,True,True,2025
950,4694524,2025-09-17,19,Real Salt Lake,6606,Los Angeles FC,867280,True,True,2025
951,4694694,2025-09-20,31,New York City FC,546238,Charlotte FC,1323940,True,True,2025
952,4694695,2025-09-20,31,Philadelphia Union,191716,New England Revolution,6580,True,True,2025
953,4694696,2025-09-20,31,Atlanta United,773958,San Diego FC,1701119,True,True,2025
954,4694699,2025-09-20,31,CF Montreal,161195,Red Bull New York,6514,True,True,2025
955,4694697,2025-09-20,31,Columbus Crew,6001,Toronto FC,56453,True,True,2025
956,4694698,2025-09-20,31,Inter Miami CF,960720,DC United,6602,True,True,2025
957,4694700,2025-09-20,31,Orlando City,267810,Nashville SC,915807,True,True,2025
958,4694702,2025-09-20,31,FC Dallas,6399,Colorado Rapids,8314,True,True,2025
959,4694703,2025-09-20,31,Houston Dynamo FC,8259,Portland Timbers,307690,True,True,2025
960,4694705,2025-09-20,31,Minnesota United,207242,Chicago Fire FC,6397,True,True,2025
961,4694704,2025-09-20,31,Sporting Kansas City,6604,Vancouver Whitecaps,307691,True,True,2025
962,4694706,2025-09-20,31,LA Galaxy,6637,FC Cincinnati,722265,True,True,2025
963,4694707,2025-09-20,31,San Jose Earthquakes,6603,St. Louis City,1427963,True,True,2025
964,4694701,2025-09-21,31,Austin FC,1218886,Seattle Sounders FC,130394,True,True,2025
965,4694708,2025-09-21,31,Los Angeles FC,867280,Real Salt Lake,6606,True,True,2025
966,4694709,2025-09-24,19,New York City FC,546238,Inter Miami CF,960720,True,True,2025
967,4694491,2025-09-24,17,Vancouver Whitecaps,307691,Portland Timbers,307690,True,True,2025
968,4694711,2025-09-27,32,Toronto FC,56453,Inter Miami CF,960720,True,True,2025
969,4694712,2025-09-27,32,Charlotte FC,1323940,CF Montreal,161195,True,True,2025
970,4694713,2025-09-27,32,DC United,6602,Philadelphia Union,191716,True,True,2025
971,4694714,2025-09-27,32,New England Revolution,6580,Atlanta United,773958,True,True,2025
972,4694715,2025-09-27,32,Red Bull New York,6514,New York City FC,546238,True,True,2025
973,4694716,2025-09-27,32,Chicago Fire FC,6397,Columbus Crew,6001,True,True,2025
974,4694717,2025-09-27,32,Nashville SC,915807,Houston Dynamo FC,8259,True,True,2025
975,4694718,2025-09-27,32,St. Louis City,1427963,Los Angeles FC,867280,True,True,2025
976,4694719,2025-09-27,32,Colorado Rapids,8314,Minnesota United,207242,True,True,2025
977,4694720,2025-09-27,32,Real Salt Lake,6606,Austin FC,1218886,True,True,2025
978,4694721,2025-09-27,32,LA Galaxy,6637,Sporting Kansas City,6604,True,True,2025
979,4694723,2025-09-27,32,San Diego FC,1701119,San Jose Earthquakes,6603,True,True,2025
980,4694722,2025-09-27,32,Portland Timbers,307690,FC Dallas,6399,True,True,2025
981,4694724,2025-09-27,32,Seattle Sounders FC,130394,Vancouver Whitecaps,307691,True,True,2025
982,4694710,2025-09-28,32,FC Cincinnati,722265,Orlando City,267810,True,True,2025
983,4694661,2025-09-30,29,Inter Miami CF,960720,Chicago Fire FC,6397,True,True,2025
984,4694728,2025-10-04,33,CF Montreal,161195,Nashville SC,915807,True,True,2025
985,4694725,2025-10-04,33,DC United,6602,Charlotte FC,1323940,True,True,2025
986,4694726,2025-10-04,33,FC Dallas,6399,LA Galaxy,6637,True,True,2025
987,4694727,2025-10-04,33,Inter Miami CF,960720,New England Revolution,6580,True,True,2025
988,4694730,2025-10-04,33,Orlando City,267810,Columbus Crew,6001,True,True,2025
989,4694731,2025-10-04,33,Philadelphia Union,191716,New York City FC,546238,True,True,2025
990,4694729,2025-10-04,33,Red Bull New York,6514,FC Cincinnati,722265,True,True,2025
991,4694732,2025-10-04,33,Austin FC,1218886,St. Louis City,1427963,True,True,2025
992,4694733,2025-10-04,33,Chicago Fire FC,6397,Toronto FC,56453,True,True,2025
993,4694734,2025-10-04,33,Houston Dynamo FC,8259,San Diego FC,1701119,True,True,2025
994,4694735,2025-10-04,33,Minnesota United,207242,Sporting Kansas City,6604,True,True,2025
995,4694736,2025-10-04,33,Real Salt Lake,6606,Colorado Rapids,8314,True,True,2025
996,4694737,2025-10-04,33,Seattle Sounders FC,130394,Portland Timbers,307690,True,True,2025
997,4694738,2025-10-05,33,Vancouver Whitecaps,307691,San Jose Earthquakes,6603,True,True,2025
998,4694739,2025-10-05,33,Los Angeles FC,867280,Atlanta United,773958,True,True,2025
999,4694501,2025-10-08,18,Los Angeles FC,867280,Toronto FC,56453,True,True,2025
1000,4694527,2025-10-11,20,Inter Miami CF,960720,Atlanta United,773958,True,True,2025
1001,4694665,2025-10-11,29,Orlando City,267810,Vancouver Whitecaps,307691,True,True,2025
1002,4694673,2025-10-11,29,Seattle Sounders FC,130394,Real Salt Lake,6606,True,True,2025
1003,4694672,2025-10-11,29,LA Galaxy,6637,FC Dallas,6399,True,True,2025
1004,4694549,2025-10-12,21,Austin FC,1218886,Los Angeles FC,867280,True,True,2025
1005,4694740,2025-10-18,34,Atlanta United,773958,DC United,6602,True,True,2025
1006,4694741,2025-10-18,34,Charlotte FC,1323940,Philadelphia Union,191716,True,True,2025
1007,4694743,2025-10-18,34,Columbus Crew,6001,Red Bull New York,6514,True,True,2025
1008,4694742,2025-10-18,34,FC Cincinnati,722265,CF Montreal,161195,True,True,2025
1009,4694744,2025-10-18,34,Nashville SC,915807,Inter Miami CF,960720,True,True,2025
1010,4694745,2025-10-18,34,New England Revolution,6580,Chicago Fire FC,6397,True,True,2025
1011,4694746,2025-10-18,34,New York City FC,546238,Seattle Sounders FC,130394,True,True,2025
1012,4694747,2025-10-18,34,Toronto FC,56453,Orlando City,267810,True,True,2025
1013,4694748,2025-10-18,34,Colorado Rapids,8314,Los Angeles FC,867280,True,True,2025
1014,4694750,2025-10-18,34,LA Galaxy,6637,Minnesota United,207242,True,True,2025
1015,4694751,2025-10-18,34,Portland Timbers,307690,San Diego FC,1701119,True,True,2025
1016,4694752,2025-10-18,34,San Jose Earthquakes,6603,Austin FC,1218886,True,True,2025
1017,4694749,2025-10-18,34,Sporting Kansas City,6604,Houston Dynamo FC,8259,True,True,2025
1018,4694753,2025-10-18,34,St. Louis City,1427963,Real Salt Lake,6606,True,True,2025
1019,4694754,2025-10-18,34,Vancouver Whitecaps,307691,FC Dallas,6399,True,True,2025
1020,5018702,2025-10-22,1/16,Chicago Fire FC,6397,Orlando City,267810,True,True,2025
1021,5018703,2025-10-22,1/16,Portland Timbers,307690,Real Salt Lake,6606,True,True,2025
1022,5020540,2025-10-24,1/8,Inter Miami CF,960720,Nashville SC,915807,True,True,2025
1023,5020536,2025-10-26,1/8,Philadelphia Union,191716,Chicago Fire FC,6397,True,True,2025
1024,5020546,2025-10-26,1/8,Vancouver Whitecaps,307691,FC Dallas,6399,True,True,2025
1025,5020544,2025-10-26,1/8,San Diego FC,1701119,Portland Timbers,307690,True,True,2025
1026,5020538,2025-10-27,1/8,FC Cincinnati,722265,Columbus Crew,6001,True,True,2025
1027,5020550,2025-10-27,1/8,Minnesota United,207242,Seattle Sounders FC,130394,True,True,2025
1028,5020542,2025-10-28,1/8,Charlotte FC,1323940,New York City FC,546238,True,True,2025
1029,5020548,2025-10-29,1/8,Los Angeles FC,867280,Austin FC,1218886,True,True,2025
1030,5020543,2025-11-01,1/8,New York City FC,546238,Charlotte FC,1323940,True,True,2025
1031,5020537,2025-11-01,1/8,Chicago Fire FC,6397,Philadelphia Union,191716,True,True,2025
1032,5020541,2025-11-01,1/8,Nashville SC,915807,Inter Miami CF,960720,True,True,2025
1033,5020547,2025-11-01,1/8,FC Dallas,6399,Vancouver Whitecaps,307691,True,True,2025
1034,5020545,2025-11-01,1/8,Portland Timbers,307690,San Diego FC,1701119,True,True,2025
1035,5020539,2025-11-02,1/8,Columbus Crew,6001,FC Cincinnati,722265,True,True,2025
1036,5020549,2025-11-02,1/8,Austin FC,1218886,Los Angeles FC,867280,True,True,2025
1037,5020551,2025-11-03,1/8,Seattle Sounders FC,130394,Minnesota United,207242,True,True,2025
1038,5037691,2025-11-07,1/8,Charlotte FC,1323940,New York City FC,546238,True,True,2025
1039,5040852,2025-11-08,1/8,Minnesota United,207242,Seattle Sounders FC,130394,True,True,2025
1040,5039015,2025-11-08,1/8,FC Cincinnati,722265,Columbus Crew,6001,True,True,2025
1041,5037692,2025-11-08,1/8,Inter Miami CF,960720,Nashville SC,915807,True,True,2025
1042,5037693,2025-11-09,1/8,San Diego FC,1701119,Portland Timbers,307690,True,True,2025
1043,5025523,2025-11-22,1/4,Vancouver Whitecaps,307691,Los Angeles FC,867280,True,True,2025
1044,5025525,2025-11-23,1/4,FC Cincinnati,722265,Inter Miami CF,960720,True,True,2025
1045,5025524,2025-11-23,1/4,Philadelphia Union,191716,New York City FC,546238,True,True,2025
1046,5025522,2025-11-24,1/4,San Diego FC,1701119,Minnesota United,207242,True,True,2025
1047,5025527,2025-11-29,1/2,Inter Miami CF,960720,New York City FC,546238,True,True,2025
1048,5025526,2025-11-29,1/2,San Diego FC,1701119,Vancouver Whitecaps,307691,True,True,2025
1049,5025528,2025-12-06,final,Inter Miami CF,960720,Vancouver Whitecaps,307691,True,True,2025
1050,4386586,2024-02-21,,Inter Miami CF,960720,Real Salt Lake,6606,True,True,2024
1051,4386585,2024-02-24,,Columbus Crew,6001,Atlanta United,773958,True,True,2024
1052,4386600,2024-02-24,,Los Angeles FC,867280,Seattle Sounders FC,130394,True,True,2024
1053,4386599,2024-02-24,,Charlotte FC,1323940,New York City FC,546238,True,True,2024
1054,4386598,2024-02-24,,DC United,6602,New England Revolution,6580,True,True,2024
1055,4386767,2024-02-24,,Orlando City,267810,CF Montreal,161195,True,True,2024
1056,4386597,2024-02-24,,Philadelphia Union,191716,Chicago Fire FC,6397,True,True,2024
1057,4386596,2024-02-24,,Austin FC,1218886,Minnesota United,207242,True,True,2024
1058,4386595,2024-02-24,,FC Dallas,6399,San Jose Earthquakes,6603,True,True,2024
1059,4386594,2024-02-24,,Houston Dynamo FC,8259,Sporting Kansas City,6604,True,True,2024
1060,4386601,2024-02-24,,St. Louis City,1427963,Real Salt Lake,6606,True,True,2024
1061,4386593,2024-02-24,,Portland Timbers,307690,Colorado Rapids,8314,True,True,2024
1062,4386768,2024-02-25,,FC Cincinnati,722265,Toronto FC,56453,True,True,2024
1063,4386592,2024-02-25,,Nashville SC,915807,Red Bull New York,6514,True,True,2024
1064,4386591,2024-02-25,,LA Galaxy,6637,Inter Miami CF,960720,True,True,2024
1065,4386590,2024-03-02,,Minnesota United,207242,Columbus Crew,6001,True,True,2024
1066,4386589,2024-03-02,,Real Salt Lake,6606,Los Angeles FC,867280,True,True,2024
1067,4386588,2024-03-02,,Inter Miami CF,960720,Orlando City,267810,True,True,2024
1068,4386769,2024-03-02,,Vancouver Whitecaps,307691,Charlotte FC,1323940,True,True,2024
1069,4386587,2024-03-02,,Chicago Fire FC,6397,FC Cincinnati,722265,True,True,2024
1070,4386786,2024-03-02,,FC Dallas,6399,CF Montreal,161195,True,True,2024
1071,4386626,2024-03-02,,Houston Dynamo FC,8259,Red Bull New York,6514,True,True,2024
1072,4386625,2024-03-02,,Sporting Kansas City,6604,Philadelphia Union,191716,True,True,2024
1073,4386624,2024-03-02,,St. Louis City,1427963,New York City FC,546238,True,True,2024
1074,4386623,2024-03-02,,Colorado Rapids,8314,Nashville SC,915807,True,True,2024
1075,4386622,2024-03-02,,Portland Timbers,307690,DC United,6602,True,True,2024
1076,4386621,2024-03-02,,San Jose Earthquakes,6603,LA Galaxy,6637,True,True,2024
1077,4386620,2024-03-02,,Seattle Sounders FC,130394,Austin FC,1218886,True,True,2024
1078,4386787,2024-03-03,,New England Revolution,6580,Toronto FC,56453,True,True,2024
1079,4386619,2024-03-09,,New York City FC,546238,Portland Timbers,307690,True,True,2024
1080,4386788,2024-03-09,,Toronto FC,56453,Charlotte FC,1323940,True,True,2024
1081,4386618,2024-03-09,,Atlanta United,773958,New England Revolution,6580,True,True,2024
1082,4386617,2024-03-09,,Columbus Crew,6001,Chicago Fire FC,6397,True,True,2024
1083,4386615,2024-03-09,,Orlando City,267810,Minnesota United,207242,True,True,2024
1084,4386616,2024-03-09,,Red Bull New York,6514,FC Dallas,6399,True,True,2024
1085,4386602,2024-03-09,,Austin FC,1218886,St. Louis City,1427963,True,True,2024
1086,4386603,2024-03-09,,Real Salt Lake,6606,Colorado Rapids,8314,True,True,2024
1087,4386604,2024-03-09,,Los Angeles FC,867280,Sporting Kansas City,6604,True,True,2024
1088,4386789,2024-03-09,,San Jose Earthquakes,6603,Vancouver Whitecaps,307691,True,True,2024
1089,4386605,2024-03-10,,FC Cincinnati,722265,DC United,6602,True,True,2024
1090,4386606,2024-03-10,,Nashville SC,915807,LA Galaxy,6637,True,True,2024
1091,4386790,2024-03-10,,Inter Miami CF,960720,CF Montreal,161195,True,True,2024
1092,4386791,2024-03-16,,Chicago Fire FC,6397,CF Montreal,161195,True,True,2024
1093,4386607,2024-03-16,,DC United,6602,Inter Miami CF,960720,True,True,2024
1094,4386608,2024-03-16,,Seattle Sounders FC,130394,Colorado Rapids,8314,True,True,2024
1095,4386609,2024-03-16,,Columbus Crew,6001,Red Bull New York,6514,True,True,2024
1096,4386792,2024-03-16,,New York City FC,546238,Toronto FC,56453,True,True,2024
1097,4386610,2024-03-16,,Austin FC,1218886,Philadelphia Union,191716,True,True,2024
1098,4386793,2024-03-16,,FC Dallas,6399,Vancouver Whitecaps,307691,True,True,2024
1099,4386611,2024-03-16,,Houston Dynamo FC,8259,Portland Timbers,307690,True,True,2024
1100,4386613,2024-03-16,,Minnesota United,207242,Los Angeles FC,867280,True,True,2024
1101,4386659,2024-03-16,,Nashville SC,915807,Charlotte FC,1323940,True,True,2024
1102,4386612,2024-03-16,,Sporting Kansas City,6604,San Jose Earthquakes,6603,True,True,2024
1103,4386649,2024-03-16,,LA Galaxy,6637,St. Louis City,1427963,True,True,2024
1104,4386650,2024-03-17,,New England Revolution,6580,FC Cincinnati,722265,True,True,2024
1105,4386651,2024-03-17,,Atlanta United,773958,Orlando City,267810,True,True,2024
1106,4386652,2024-03-23,,New England Revolution,6580,Chicago Fire FC,6397,True,True,2024
1107,4386653,2024-03-23,,Red Bull New York,6514,Inter Miami CF,960720,True,True,2024
1108,4386654,2024-03-23,,Charlotte FC,1323940,Columbus Crew,6001,True,True,2024
1109,4386655,2024-03-23,,FC Cincinnati,722265,New York City FC,546238,True,True,2024
1110,4386656,2024-03-23,,Orlando City,267810,Austin FC,1218886,True,True,2024
1111,4386827,2024-03-23,,Toronto FC,56453,Atlanta United,773958,True,True,2024
1112,4386794,2024-03-23,,Vancouver Whitecaps,307691,Real Salt Lake,6606,True,True,2024
1113,4386657,2024-03-23,,Sporting Kansas City,6604,LA Galaxy,6637,True,True,2024
1114,4386658,2024-03-23,,St. Louis City,1427963,DC United,6602,True,True,2024
1115,4386648,2024-03-23,,Colorado Rapids,8314,Houston Dynamo FC,8259,True,True,2024
1116,4386660,2024-03-23,,Los Angeles FC,867280,Nashville SC,915807,True,True,2024
1117,4386661,2024-03-23,,Portland Timbers,307690,Philadelphia Union,191716,True,True,2024
1118,4386662,2024-03-23,,San Jose Earthquakes,6603,Seattle Sounders FC,130394,True,True,2024
1119,4386663,2024-03-30,,Philadelphia Union,191716,Minnesota United,207242,True,True,2024
1120,4386664,2024-03-30,,Colorado Rapids,8314,Los Angeles FC,867280,True,True,2024
1121,4386665,2024-03-30,,Charlotte FC,1323940,FC Cincinnati,722265,True,True,2024
1122,4386818,2024-03-30,,DC United,6602,CF Montreal,161195,True,True,2024
1123,4386666,2024-03-30,,Inter Miami CF,960720,New York City FC,546238,True,True,2024
1124,4386667,2024-03-30,,Orlando City,267810,Red Bull New York,6514,True,True,2024
1125,4386819,2024-03-30,,Toronto FC,56453,Sporting Kansas City,6604,True,True,2024
1126,4386668,2024-03-30,,Austin FC,1218886,FC Dallas,6399,True,True,2024
1127,4386638,2024-03-30,,Houston Dynamo FC,8259,San Jose Earthquakes,6603,True,True,2024
1128,4386628,2024-03-30,,Nashville SC,915807,Columbus Crew,6001,True,True,2024
1129,4386629,2024-03-30,,Real Salt Lake,6606,St. Louis City,1427963,True,True,2024
1130,4386630,2024-03-30,,LA Galaxy,6637,Seattle Sounders FC,130394,True,True,2024
1131,4386817,2024-03-30,,Vancouver Whitecaps,307691,Portland Timbers,307690,True,True,2024
1132,4386631,2024-03-31,,Atlanta United,773958,Chicago Fire FC,6397,True,True,2024
1133,4386633,2024-04-06,,Columbus Crew,6001,DC United,6602,True,True,2024
1134,4386632,2024-04-06,,FC Cincinnati,722265,Red Bull New York,6514,True,True,2024
1135,4386635,2024-04-06,,Inter Miami CF,960720,Colorado Rapids,8314,True,True,2024
1136,4386637,2024-04-06,,New England Revolution,6580,Charlotte FC,1323940,True,True,2024
1137,4386636,2024-04-06,,New York City FC,546238,Atlanta United,773958,True,True,2024
1138,4386820,2024-04-06,,Vancouver Whitecaps,307691,Toronto FC,56453,True,True,2024
1139,4386634,2024-04-06,,Los Angeles FC,867280,LA Galaxy,6637,True,True,2024
1140,4386627,2024-04-06,,Austin FC,1218886,San Jose Earthquakes,6603,True,True,2024
1141,4386639,2024-04-06,,Chicago Fire FC,6397,Houston Dynamo FC,8259,True,True,2024
1142,4386640,2024-04-06,,Minnesota United,207242,Real Salt Lake,6606,True,True,2024
1143,4386641,2024-04-06,,Nashville SC,915807,Philadelphia Union,191716,True,True,2024
1144,4386642,2024-04-06,,St. Louis City,1427963,FC Dallas,6399,True,True,2024
1145,4386821,2024-04-06,,Seattle Sounders FC,130394,CF Montreal,161195,True,True,2024
1146,4386643,2024-04-07,,Sporting Kansas City,6604,Portland Timbers,307690,True,True,2024
1147,4386644,2024-04-13,,Portland Timbers,307690,Los Angeles FC,867280,True,True,2024
1148,4386824,2024-04-13,,CF Montreal,161195,FC Cincinnati,722265,True,True,2024
1149,4386823,2024-04-13,,Charlotte FC,1323940,Toronto FC,56453,True,True,2024
1150,4386645,2024-04-13,,DC United,6602,Orlando City,267810,True,True,2024
1151,4386646,2024-04-13,,New York City FC,546238,New England Revolution,6580,True,True,2024
1152,4386647,2024-04-13,,Red Bull New York,6514,Chicago Fire FC,6397,True,True,2024
1153,4386701,2024-04-13,,FC Dallas,6399,Seattle Sounders FC,130394,True,True,2024
1154,4386692,2024-04-13,,Minnesota United,207242,Houston Dynamo FC,8259,True,True,2024
1155,4386691,2024-04-13,,Sporting Kansas City,6604,Inter Miami CF,960720,True,True,2024
1156,4386693,2024-04-13,,Real Salt Lake,6606,Columbus Crew,6001,True,True,2024
1157,4386694,2024-04-13,,San Jose Earthquakes,6603,Colorado Rapids,8314,True,True,2024
1158,4386822,2024-04-13,,Vancouver Whitecaps,307691,LA Galaxy,6637,True,True,2024
1159,4386695,2024-04-14,,Atlanta United,773958,Philadelphia Union,191716,True,True,2024
1160,4386696,2024-04-14,,St. Louis City,1427963,Austin FC,1218886,True,True,2024
1161,4386697,2024-04-20,,Atlanta United,773958,FC Cincinnati,722265,True,True,2024
1162,4386825,2024-04-20,,CF Montreal,161195,Orlando City,267810,True,True,2024
1163,4386699,2024-04-20,,Columbus Crew,6001,Portland Timbers,307690,True,True,2024
1164,4386700,2024-04-20,,Inter Miami CF,960720,Nashville SC,915807,True,True,2024
1165,4386690,2024-04-20,,New York City FC,546238,DC United,6602,True,True,2024
1166,4386826,2024-04-20,,Toronto FC,56453,New England Revolution,6580,True,True,2024
1167,4386702,2024-04-20,,Chicago Fire FC,6397,Real Salt Lake,6606,True,True,2024
1168,4386703,2024-04-20,,Houston Dynamo FC,8259,Austin FC,1218886,True,True,2024
1169,4386704,2024-04-20,,Sporting Kansas City,6604,St. Louis City,1427963,True,True,2024
1170,4386705,2024-04-20,,Colorado Rapids,8314,FC Dallas,6399,True,True,2024
1171,4386706,2024-04-20,,Los Angeles FC,867280,Red Bull New York,6514,True,True,2024
1172,4386816,2024-04-20,,Seattle Sounders FC,130394,Vancouver Whitecaps,307691,True,True,2024
1173,4386698,2024-04-21,,Charlotte FC,1323940,Minnesota United,207242,True,True,2024
1174,4386707,2024-04-21,,LA Galaxy,6637,San Jose Earthquakes,6603,True,True,2024
1175,4386708,2024-04-27,,Austin FC,1218886,LA Galaxy,6637,True,True,2024
1176,4386828,2024-04-27,,Columbus Crew,6001,CF Montreal,161195,True,True,2024
1177,4386710,2024-04-27,,DC United,6602,Seattle Sounders FC,130394,True,True,2024
1178,4386709,2024-04-27,,FC Cincinnati,722265,Colorado Rapids,8314,True,True,2024
1179,4386670,2024-04-27,,New England Revolution,6580,Inter Miami CF,960720,True,True,2024
1180,4386680,2024-04-27,,New York City FC,546238,Charlotte FC,1323940,True,True,2024
1181,4386830,2024-04-27,,Orlando City,267810,Toronto FC,56453,True,True,2024
1182,4386671,2024-04-27,,Philadelphia Union,191716,Real Salt Lake,6606,True,True,2024
1183,4386829,2024-04-27,,Red Bull New York,6514,Vancouver Whitecaps,307691,True,True,2024
1184,4386672,2024-04-27,,Chicago Fire FC,6397,Atlanta United,773958,True,True,2024
1185,4386673,2024-04-27,,FC Dallas,6399,Houston Dynamo FC,8259,True,True,2024
1186,4386674,2024-04-27,,Minnesota United,207242,Sporting Kansas City,6604,True,True,2024
1187,4386675,2024-04-27,,Nashville SC,915807,San Jose Earthquakes,6603,True,True,2024
1188,4386676,2024-04-27,,Los Angeles FC,867280,Portland Timbers,307690,True,True,2024
1189,4386614,2024-04-30,,Philadelphia Union,191716,Seattle Sounders FC,130394,True,True,2024
1190,4386677,2024-05-04,,Atlanta United,773958,Minnesota United,207242,True,True,2024
1191,4386678,2024-05-04,,Charlotte FC,1323940,Portland Timbers,307690,True,True,2024
1192,4386679,2024-05-04,,DC United,6602,Philadelphia Union,191716,True,True,2024
1193,4386669,2024-05-04,,Inter Miami CF,960720,Red Bull New York,6514,True,True,2024
1194,4386681,2024-05-04,,Orlando City,267810,FC Cincinnati,722265,True,True,2024
1195,4386682,2024-05-04,,San Jose Earthquakes,6603,Los Angeles FC,867280,True,True,2024
1196,4386832,2024-05-04,,Toronto FC,56453,FC Dallas,6399,True,True,2024
1197,4386683,2024-05-04,,Chicago Fire FC,6397,New England Revolution,6580,True,True,2024
1198,4386684,2024-05-04,,Houston Dynamo FC,8259,St. Louis City,1427963,True,True,2024
1199,4386833,2024-05-04,,Nashville SC,915807,CF Montreal,161195,True,True,2024
1200,4386685,2024-05-04,,Real Salt Lake,6606,Sporting Kansas City,6604,True,True,2024
1201,4386831,2024-05-04,,Vancouver Whitecaps,307691,Austin FC,1218886,True,True,2024
1202,4386686,2024-05-05,,New York City FC,546238,Colorado Rapids,8314,True,True,2024
1203,4386687,2024-05-05,,Seattle Sounders FC,130394,LA Galaxy,6637,True,True,2024
1204,4386688,2024-05-11,,Atlanta United,773958,DC United,6602,True,True,2024
1205,4386834,2024-05-11,,CF Montreal,161195,Inter Miami CF,960720,True,True,2024
1206,4386689,2024-05-11,,Charlotte FC,1323940,Nashville SC,915807,True,True,2024
1207,4386713,2024-05-11,,Philadelphia Union,191716,Orlando City,267810,True,True,2024
1208,4386712,2024-05-11,,Red Bull New York,6514,New England Revolution,6580,True,True,2024
1209,4386835,2024-05-11,,Toronto FC,56453,New York City FC,546238,True,True,2024
1210,4386711,2024-05-11,,Columbus Crew,6001,FC Cincinnati,722265,True,True,2024
1211,4386714,2024-05-11,,FC Dallas,6399,Austin FC,1218886,True,True,2024
1212,4386715,2024-05-11,,Sporting Kansas City,6604,Houston Dynamo FC,8259,True,True,2024
1213,4386716,2024-05-11,,St. Louis City,1427963,Chicago Fire FC,6397,True,True,2024
1214,4386717,2024-05-11,,Colorado Rapids,8314,San Jose Earthquakes,6603,True,True,2024
1215,4386718,2024-05-11,,LA Galaxy,6637,Real Salt Lake,6606,True,True,2024
1216,4386836,2024-05-11,,Los Angeles FC,867280,Vancouver Whitecaps,307691,True,True,2024
1217,4386719,2024-05-12,,Portland Timbers,307690,Seattle Sounders FC,130394,True,True,2024
1218,4386806,2024-05-15,,CF Montreal,161195,Columbus Crew,6001,True,True,2024
1219,4386737,2024-05-15,,DC United,6602,Red Bull New York,6514,True,True,2024
1220,4386720,2024-05-15,,FC Cincinnati,722265,Atlanta United,773958,True,True,2024
1221,4386752,2024-05-15,,Orlando City,267810,Inter Miami CF,960720,True,True,2024
1222,4386751,2024-05-15,,Philadelphia Union,191716,New York City FC,546238,True,True,2024
1223,4386750,2024-05-15,,Austin FC,1218886,Houston Dynamo FC,8259,True,True,2024
1224,4386749,2024-05-15,,Chicago Fire FC,6397,Charlotte FC,1323940,True,True,2024
1225,4386748,2024-05-15,,Minnesota United,207242,LA Galaxy,6637,True,True,2024
1226,4386796,2024-05-15,,Nashville SC,915807,Toronto FC,56453,True,True,2024
1227,4386747,2024-05-15,,St. Louis City,1427963,Los Angeles FC,867280,True,True,2024
1228,4386797,2024-05-15,,Colorado Rapids,8314,Vancouver Whitecaps,307691,True,True,2024
1229,4386746,2024-05-15,,Real Salt Lake,6606,Seattle Sounders FC,130394,True,True,2024
1230,4386745,2024-05-15,,Portland Timbers,307690,San Jose Earthquakes,6603,True,True,2024
1231,4386744,2024-05-18,,Nashville SC,915807,Atlanta United,773958,True,True,2024
1232,4386743,2024-05-18,,Charlotte FC,1323940,LA Galaxy,6637,True,True,2024
1233,4386742,2024-05-18,,FC Cincinnati,722265,St. Louis City,1427963,True,True,2024
1234,4386741,2024-05-18,,Inter Miami CF,960720,DC United,6602,True,True,2024
1235,4386739,2024-05-18,,New England Revolution,6580,Philadelphia Union,191716,True,True,2024
1236,4386740,2024-05-18,,New York City FC,546238,Red Bull New York,6514,True,True,2024
1237,4386798,2024-05-18,,Toronto FC,56453,CF Montreal,161195,True,True,2024
1238,4386738,2024-05-18,,Austin FC,1218886,Sporting Kansas City,6604,True,True,2024
1239,4386721,2024-05-18,,Chicago Fire FC,6397,Columbus Crew,6001,True,True,2024
1240,4386736,2024-05-18,,Houston Dynamo FC,8259,FC Dallas,6399,True,True,2024
1241,4386735,2024-05-18,,Minnesota United,207242,Portland Timbers,307690,True,True,2024
1242,4386734,2024-05-18,,Real Salt Lake,6606,Colorado Rapids,8314,True,True,2024
1243,4386733,2024-05-18,,San Jose Earthquakes,6603,Orlando City,267810,True,True,2024
1244,4386799,2024-05-18,,Seattle Sounders FC,130394,Vancouver Whitecaps,307691,True,True,2024
1245,4386732,2024-05-25,,Atlanta United,773958,Los Angeles FC,867280,True,True,2024
1246,4386801,2024-05-25,,CF Montreal,161195,Nashville SC,915807,True,True,2024
1247,4386731,2024-05-25,,Charlotte FC,1323940,Philadelphia Union,191716,True,True,2024
1248,4386730,2024-05-25,,DC United,6602,Chicago Fire FC,6397,True,True,2024
1249,4386729,2024-05-25,,New England Revolution,6580,New York City FC,546238,True,True,2024
1250,4386728,2024-05-25,,Orlando City,267810,Columbus Crew,6001,True,True,2024
1251,4386802,2024-05-25,,Toronto FC,56453,FC Cincinnati,722265,True,True,2024
1252,4386727,2024-05-25,,FC Dallas,6399,Real Salt Lake,6606,True,True,2024
1253,4386726,2024-05-25,,St. Louis City,1427963,Seattle Sounders FC,130394,True,True,2024
1254,4386725,2024-05-25,,Colorado Rapids,8314,Minnesota United,207242,True,True,2024
1255,4386724,2024-05-25,,LA Galaxy,6637,Houston Dynamo FC,8259,True,True,2024
1256,4386723,2024-05-25,,Portland Timbers,307690,Sporting Kansas City,6604,True,True,2024
1257,4386722,2024-05-25,,San Jose Earthquakes,6603,Austin FC,1218886,True,True,2024
1258,4386800,2024-05-25,,Vancouver Whitecaps,307691,Inter Miami CF,960720,True,True,2024
1259,4386803,2024-05-29,,CF Montreal,161195,DC United,6602,True,True,2024
1260,4386770,2024-05-29,,FC Cincinnati,722265,Nashville SC,915807,True,True,2024
1261,4386784,2024-05-29,,Inter Miami CF,960720,Atlanta United,773958,True,True,2024
1262,4386804,2024-05-29,,Philadelphia Union,191716,Toronto FC,56453,True,True,2024
1263,4386783,2024-05-29,,Red Bull New York,6514,Charlotte FC,1323940,True,True,2024
1264,4386782,2024-05-29,,Austin FC,1218886,Portland Timbers,307690,True,True,2024
1265,4386781,2024-05-29,,Chicago Fire FC,6397,Orlando City,267810,True,True,2024
1266,4386780,2024-05-29,,Houston Dynamo FC,8259,Colorado Rapids,8314,True,True,2024
1267,4386805,2024-05-29,,Sporting Kansas City,6604,Vancouver Whitecaps,307691,True,True,2024
1268,4386779,2024-05-29,,LA Galaxy,6637,FC Dallas,6399,True,True,2024
1269,4386777,2024-05-29,,Seattle Sounders FC,130394,Real Salt Lake,6606,True,True,2024
1270,4386778,2024-05-29,,Los Angeles FC,867280,Minnesota United,207242,True,True,2024
1271,4386776,2024-05-31,,New York City FC,546238,San Jose Earthquakes,6603,True,True,2024
1272,4386807,2024-06-01,,DC United,6602,Toronto FC,56453,True,True,2024
1273,4386774,2024-06-01,,Inter Miami CF,960720,St. Louis City,1427963,True,True,2024
1274,4386808,2024-06-01,,Philadelphia Union,191716,CF Montreal,161195,True,True,2024
1275,4386773,2024-06-01,,Red Bull New York,6514,Orlando City,267810,True,True,2024
1276,4386772,2024-06-01,,Chicago Fire FC,6397,LA Galaxy,6637,True,True,2024
1277,4386771,2024-06-01,,Minnesota United,207242,Sporting Kansas City,6604,True,True,2024
1278,4386762,2024-06-01,,Nashville SC,915807,New England Revolution,6580,True,True,2024
1279,4386754,2024-06-01,,Real Salt Lake,6606,Austin FC,1218886,True,True,2024
1280,4386755,2024-06-01,,Los Angeles FC,867280,FC Dallas,6399,True,True,2024
1281,4386756,2024-06-01,,Portland Timbers,307690,Houston Dynamo FC,8259,True,True,2024
1282,4386795,2024-06-01,,Vancouver Whitecaps,307691,Colorado Rapids,8314,True,True,2024
1283,4386757,2024-06-02,,Atlanta United,773958,Charlotte FC,1323940,True,True,2024
1284,4386758,2024-06-08,,New England Revolution,6580,Red Bull New York,6514,True,True,2024
1285,4386760,2024-06-08,,Minnesota United,207242,FC Dallas,6399,True,True,2024
1286,4386759,2024-06-08,,Sporting Kansas City,6604,Seattle Sounders FC,130394,True,True,2024
1287,4386761,2024-06-08,,St. Louis City,1427963,Portland Timbers,307690,True,True,2024
1288,4386753,2024-06-14,,New York City FC,546238,Columbus Crew,6001,True,True,2024
1289,4386763,2024-06-15,,Atlanta United,773958,Houston Dynamo FC,8259,True,True,2024
1290,4386809,2024-06-15,,CF Montreal,161195,Real Salt Lake,6606,True,True,2024
1291,4386764,2024-06-15,,Charlotte FC,1323940,DC United,6602,True,True,2024
1292,4386810,2024-06-15,,New England Revolution,6580,Vancouver Whitecaps,307691,True,True,2024
1293,4386766,2024-06-15,,Orlando City,267810,Los Angeles FC,867280,True,True,2024
1294,4386811,2024-06-15,,Philadelphia Union,191716,Inter Miami CF,960720,True,True,2024
1295,4386765,2024-06-15,,Red Bull New York,6514,Nashville SC,915807,True,True,2024
1296,4387027,2024-06-15,,Toronto FC,56453,Chicago Fire FC,6397,True,True,2024
1297,4386812,2024-06-15,,FC Dallas,6399,St. Louis City,1427963,True,True,2024
1298,4386813,2024-06-15,,Colorado Rapids,8314,Austin FC,1218886,True,True,2024
1299,4386814,2024-06-15,,LA Galaxy,6637,Sporting Kansas City,6604,True,True,2024
1300,4386815,2024-06-15,,San Jose Earthquakes,6603,FC Cincinnati,722265,True,True,2024
1301,4386869,2024-06-15,,Seattle Sounders FC,130394,Minnesota United,207242,True,True,2024
1302,4387038,2024-06-19,,CF Montreal,161195,Red Bull New York,6514,True,True,2024
1303,4386859,2024-06-19,,Charlotte FC,1323940,Orlando City,267810,True,True,2024
1304,4386861,2024-06-19,,DC United,6602,Atlanta United,773958,True,True,2024
1305,4386862,2024-06-19,,Inter Miami CF,960720,Columbus Crew,6001,True,True,2024
1306,4387039,2024-06-19,,Toronto FC,56453,Nashville SC,915807,True,True,2024
1307,4386860,2024-06-19,,FC Cincinnati,722265,Philadelphia Union,191716,True,True,2024
1308,4386863,2024-06-19,,Austin FC,1218886,Los Angeles FC,867280,True,True,2024
1309,4386864,2024-06-19,,FC Dallas,6399,Minnesota United,207242,True,True,2024
1310,4386865,2024-06-19,,Houston Dynamo FC,8259,Seattle Sounders FC,130394,True,True,2024
1311,4386866,2024-06-19,,Sporting Kansas City,6604,Real Salt Lake,6606,True,True,2024
1312,4386867,2024-06-19,,St. Louis City,1427963,Colorado Rapids,8314,True,True,2024
1313,4386868,2024-06-19,,LA Galaxy,6637,New York City FC,546238,True,True,2024
1314,4386858,2024-06-19,,San Jose Earthquakes,6603,Portland Timbers,307690,True,True,2024
1315,4386871,2024-06-22,,Columbus Crew,6001,Sporting Kansas City,6604,True,True,2024
1316,4386872,2024-06-22,,DC United,6602,Houston Dynamo FC,8259,True,True,2024
1317,4386870,2024-06-22,,FC Cincinnati,722265,New England Revolution,6580,True,True,2024
1318,4386873,2024-06-22,,Orlando City,267810,Chicago Fire FC,6397,True,True,2024
1319,4386874,2024-06-22,,Philadelphia Union,191716,Charlotte FC,1323940,True,True,2024
1320,4387040,2024-06-22,,Red Bull New York,6514,Toronto FC,56453,True,True,2024
1321,4386875,2024-06-22,,Minnesota United,207242,Austin FC,1218886,True,True,2024
1322,4386876,2024-06-22,,Nashville SC,915807,New York City FC,546238,True,True,2024
1323,4386877,2024-06-22,,St. Louis City,1427963,Atlanta United,773958,True,True,2024
1324,4387041,2024-06-22,,Colorado Rapids,8314,CF Montreal,161195,True,True,2024
1325,4386878,2024-06-22,,Real Salt Lake,6606,LA Galaxy,6637,True,True,2024
1326,4386848,2024-06-22,,Los Angeles FC,867280,San Jose Earthquakes,6603,True,True,2024
1327,4387042,2024-06-22,,Portland Timbers,307690,Vancouver Whitecaps,307691,True,True,2024
1328,4386838,2024-06-22,,Seattle Sounders FC,130394,FC Dallas,6399,True,True,2024
1329,4386839,2024-06-28,,New York City FC,546238,Orlando City,267810,True,True,2024
1330,4387044,2024-06-29,,Atlanta United,773958,Toronto FC,56453,True,True,2024
1331,4387045,2024-06-29,,CF Montreal,161195,Philadelphia Union,191716,True,True,2024
1332,4386840,2024-06-29,,New England Revolution,6580,Columbus Crew,6001,True,True,2024
1333,4386841,2024-06-29,,Red Bull New York,6514,DC United,6602,True,True,2024
1334,4386842,2024-06-29,,FC Dallas,6399,FC Cincinnati,722265,True,True,2024
1335,4386843,2024-06-29,,Houston Dynamo FC,8259,Charlotte FC,1323940,True,True,2024
1336,4386845,2024-06-29,,Nashville SC,915807,Inter Miami CF,960720,True,True,2024
1337,4386844,2024-06-29,,Sporting Kansas City,6604,Austin FC,1218886,True,True,2024
1338,4386846,2024-06-29,,Los Angeles FC,867280,Colorado Rapids,8314,True,True,2024
1339,4386847,2024-06-29,,Portland Timbers,307690,Minnesota United,207242,True,True,2024
1340,4386837,2024-06-29,,San Jose Earthquakes,6603,LA Galaxy,6637,True,True,2024
1341,4386849,2024-06-29,,Seattle Sounders FC,130394,Chicago Fire FC,6397,True,True,2024
1342,4387043,2024-06-29,,Vancouver Whitecaps,307691,St. Louis City,1427963,True,True,2024
1343,4386851,2024-07-03,,Columbus Crew,6001,Nashville SC,915807,True,True,2024
1344,4386850,2024-07-03,,Charlotte FC,1323940,Inter Miami CF,960720,True,True,2024
1345,4386852,2024-07-03,,DC United,6602,FC Cincinnati,722265,True,True,2024
1346,4387046,2024-07-03,,New York City FC,546238,CF Montreal,161195,True,True,2024
1347,4387017,2024-07-03,,Toronto FC,56453,Orlando City,267810,True,True,2024
1348,4386853,2024-07-03,,New England Revolution,6580,Atlanta United,773958,True,True,2024
1349,4386854,2024-07-03,,Chicago Fire FC,6397,Philadelphia Union,191716,True,True,2024
1350,4387008,2024-07-03,,Minnesota United,207242,Vancouver Whitecaps,307691,True,True,2024
1351,4386855,2024-07-03,,St. Louis City,1427963,San Jose Earthquakes,6603,True,True,2024
1352,4386856,2024-07-03,,Real Salt Lake,6606,Houston Dynamo FC,8259,True,True,2024
1353,4386857,2024-07-04,,FC Dallas,6399,Portland Timbers,307690,True,True,2024
1354,4386888,2024-07-04,,Colorado Rapids,8314,Sporting Kansas City,6604,True,True,2024
1355,4386896,2024-07-04,,LA Galaxy,6637,Los Angeles FC,867280,True,True,2024
1356,4387010,2024-07-06,,CF Montreal,161195,Vancouver Whitecaps,307691,True,True,2024
1357,4387009,2024-07-06,,Columbus Crew,6001,Toronto FC,56453,True,True,2024
1358,4386895,2024-07-06,,FC Cincinnati,722265,Inter Miami CF,960720,True,True,2024
1359,4386894,2024-07-06,,Orlando City,267810,DC United,6602,True,True,2024
1360,4386893,2024-07-06,,Philadelphia Union,191716,Red Bull New York,6514,True,True,2024
1361,4386891,2024-07-06,,Real Salt Lake,6606,Atlanta United,773958,True,True,2024
1362,4386892,2024-07-06,,Austin FC,1218886,New York City FC,546238,True,True,2024
1363,4386890,2024-07-06,,Seattle Sounders FC,130394,New England Revolution,6580,True,True,2024
1364,4386887,2024-07-07,,San Jose Earthquakes,6603,Chicago Fire FC,6397,True,True,2024
1365,4386879,2024-07-07,,Sporting Kansas City,6604,FC Dallas,6399,True,True,2024
1366,4386886,2024-07-07,,Colorado Rapids,8314,St. Louis City,1427963,True,True,2024
1367,4386885,2024-07-07,,LA Galaxy,6637,Minnesota United,207242,True,True,2024
1368,4386884,2024-07-07,,Portland Timbers,307690,Nashville SC,915807,True,True,2024
1369,4387011,2024-07-13,,CF Montreal,161195,Atlanta United,773958,True,True,2024
1370,4386882,2024-07-13,,DC United,6602,Nashville SC,915807,True,True,2024
1371,4386883,2024-07-13,,FC Cincinnati,722265,Charlotte FC,1323940,True,True,2024
1372,4386881,2024-07-13,,New England Revolution,6580,Orlando City,267810,True,True,2024
1373,4387012,2024-07-13,,Toronto FC,56453,Philadelphia Union,191716,True,True,2024
1374,4386880,2024-07-13,,Austin FC,1218886,Seattle Sounders FC,130394,True,True,2024
1375,4386909,2024-07-13,,Chicago Fire FC,6397,New York City FC,546238,True,True,2024
1376,4386920,2024-07-13,,FC Dallas,6399,LA Galaxy,6637,True,True,2024
1377,4386919,2024-07-13,,Houston Dynamo FC,8259,Minnesota United,207242,True,True,2024
1378,4387013,2024-07-13,,St. Louis City,1427963,Vancouver Whitecaps,307691,True,True,2024
1379,4386918,2024-07-13,,Colorado Rapids,8314,Red Bull New York,6514,True,True,2024
1380,4386916,2024-07-13,,Portland Timbers,307690,Real Salt Lake,6606,True,True,2024
1381,4386917,2024-07-13,,Los Angeles FC,867280,Columbus Crew,6001,True,True,2024
1382,4386915,2024-07-13,,San Jose Earthquakes,6603,Sporting Kansas City,6604,True,True,2024
1383,4386914,2024-07-17,,Atlanta United,773958,New York City FC,546238,True,True,2024
1384,4386912,2024-07-17,,Columbus Crew,6001,Charlotte FC,1323940,True,True,2024
1385,4386913,2024-07-17,,FC Cincinnati,722265,Chicago Fire FC,6397,True,True,2024
1386,4387014,2024-07-17,,Inter Miami CF,960720,Toronto FC,56453,True,True,2024
1387,4386911,2024-07-17,,Philadelphia Union,191716,New England Revolution,6580,True,True,2024
1388,4387015,2024-07-17,,Red Bull New York,6514,CF Montreal,161195,True,True,2024
1389,4386910,2024-07-17,,FC Dallas,6399,Austin FC,1218886,True,True,2024
1390,4386897,2024-07-17,,Minnesota United,207242,DC United,6602,True,True,2024
1391,4386908,2024-07-17,,Nashville SC,915807,Orlando City,267810,True,True,2024
1392,4386907,2024-07-17,,LA Galaxy,6637,Colorado Rapids,8314,True,True,2024
1393,4386905,2024-07-17,,San Jose Earthquakes,6603,Houston Dynamo FC,8259,True,True,2024
1394,4386904,2024-07-17,,Seattle Sounders FC,130394,St. Louis City,1427963,True,True,2024
1395,4387016,2024-07-17,,Vancouver Whitecaps,307691,Sporting Kansas City,6604,True,True,2024
1396,4386906,2024-07-17,,Los Angeles FC,867280,Real Salt Lake,6606,True,True,2024
1397,4386903,2024-07-20,,Atlanta United,773958,Columbus Crew,6001,True,True,2024
1398,4387018,2024-07-20,,CF Montreal,161195,Toronto FC,56453,True,True,2024
1399,4386902,2024-07-20,,Inter Miami CF,960720,Chicago Fire FC,6397,True,True,2024
1400,4386901,2024-07-20,,New England Revolution,6580,FC Dallas,6399,True,True,2024
1401,4386899,2024-07-20,,Orlando City,267810,New York City FC,546238,True,True,2024
1402,4386898,2024-07-20,,Philadelphia Union,191716,Nashville SC,915807,True,True,2024
1403,4386900,2024-07-20,,Red Bull New York,6514,FC Cincinnati,722265,True,True,2024
1404,4386948,2024-07-20,,Austin FC,1218886,Charlotte FC,1323940,True,True,2024
1405,4386941,2024-07-20,,Minnesota United,207242,San Jose Earthquakes,6603,True,True,2024
1406,4386940,2024-07-20,,Sporting Kansas City,6604,St. Louis City,1427963,True,True,2024
1407,4386942,2024-07-20,,Colorado Rapids,8314,Real Salt Lake,6606,True,True,2024
1408,4386944,2024-07-20,,Seattle Sounders FC,130394,Los Angeles FC,867280,True,True,2024
1409,4387007,2024-07-20,,Vancouver Whitecaps,307691,Houston Dynamo FC,8259,True,True,2024
1410,4386943,2024-07-20,,LA Galaxy,6637,Portland Timbers,307690,True,True,2024
1411,4386945,2024-08-24,,Minnesota United,207242,Seattle Sounders FC,130394,True,True,2024
1412,4387020,2024-08-24,,CF Montreal,161195,New England Revolution,6580,True,True,2024
1413,4386946,2024-08-24,,Charlotte FC,1323940,Red Bull New York,6514,True,True,2024
1414,4386947,2024-08-24,,DC United,6602,FC Dallas,6399,True,True,2024
1415,4386939,2024-08-24,,Inter Miami CF,960720,FC Cincinnati,722265,True,True,2024
1416,4386949,2024-08-24,,New York City FC,546238,Chicago Fire FC,6397,True,True,2024
1417,4387021,2024-08-24,,Houston Dynamo FC,8259,Toronto FC,56453,True,True,2024
1418,4386952,2024-08-24,,Nashville SC,915807,Austin FC,1218886,True,True,2024
1419,4386951,2024-08-24,,Sporting Kansas City,6604,Orlando City,267810,True,True,2024
1420,4386953,2024-08-24,,Real Salt Lake,6606,San Jose Earthquakes,6603,True,True,2024
1421,4386954,2024-08-24,,LA Galaxy,6637,Atlanta United,773958,True,True,2024
1422,4386955,2024-08-24,,Portland Timbers,307690,St. Louis City,1427963,True,True,2024
1423,4386950,2024-08-28,,Philadelphia Union,191716,Columbus Crew,6001,True,True,2024
1424,4386956,2024-08-31,,Charlotte FC,1323940,Atlanta United,773958,True,True,2024
1425,4386930,2024-08-31,,Columbus Crew,6001,New York City FC,546238,True,True,2024
1426,4387022,2024-08-31,,FC Cincinnati,722265,CF Montreal,161195,True,True,2024
1427,4386923,2024-08-31,,Orlando City,267810,Nashville SC,915807,True,True,2024
1428,4386922,2024-08-31,,Red Bull New York,6514,Philadelphia Union,191716,True,True,2024
1429,4387023,2024-08-31,,Toronto FC,56453,DC United,6602,True,True,2024
1430,4387024,2024-08-31,,Austin FC,1218886,Vancouver Whitecaps,307691,True,True,2024
1431,4386924,2024-08-31,,Chicago Fire FC,6397,Inter Miami CF,960720,True,True,2024
1432,4386925,2024-08-31,,FC Dallas,6399,Colorado Rapids,8314,True,True,2024
1433,4386926,2024-08-31,,Real Salt Lake,6606,New England Revolution,6580,True,True,2024
1434,4386927,2024-08-31,,Los Angeles FC,867280,Houston Dynamo FC,8259,True,True,2024
1435,4386928,2024-08-31,,Portland Timbers,307690,Seattle Sounders FC,130394,True,True,2024
1436,4386929,2024-08-31,,San Jose Earthquakes,6603,Minnesota United,207242,True,True,2024
1437,4386921,2024-09-01,,St. Louis City,1427963,LA Galaxy,6637,True,True,2024
1438,4386775,2024-09-07,,Columbus Crew,6001,Seattle Sounders FC,130394,True,True,2024
1439,4386931,2024-09-07,,New England Revolution,6580,St. Louis City,1427963,True,True,2024
1440,4386932,2024-09-07,,Red Bull New York,6514,Sporting Kansas City,6604,True,True,2024
1441,4386933,2024-09-07,,Chicago Fire FC,6397,DC United,6602,True,True,2024
1442,4386889,2024-09-07,,Houston Dynamo FC,8259,Los Angeles FC,867280,True,True,2024
1443,4387025,2024-09-07,,Vancouver Whitecaps,307691,FC Dallas,6399,True,True,2024
1444,4386934,2024-09-14,,Atlanta United,773958,Nashville SC,915807,True,True,2024
1445,4387056,2024-09-14,,CF Montreal,161195,Charlotte FC,1323940,True,True,2024
1446,4386936,2024-09-14,,DC United,6602,New York City FC,546238,True,True,2024
1447,4386935,2024-09-14,,FC Cincinnati,722265,Columbus Crew,6001,True,True,2024
1448,4386937,2024-09-14,,Inter Miami CF,960720,Philadelphia Union,191716,True,True,2024
1449,4386938,2024-09-14,,Orlando City,267810,New England Revolution,6580,True,True,2024
1450,4387063,2024-09-14,,Toronto FC,56453,Austin FC,1218886,True,True,2024
1451,4386957,2024-09-14,,Chicago Fire FC,6397,Red Bull New York,6514,True,True,2024
1452,4386958,2024-09-14,,Houston Dynamo FC,8259,Real Salt Lake,6606,True,True,2024
1453,4386959,2024-09-14,,St. Louis City,1427963,Minnesota United,207242,True,True,2024
1454,4386960,2024-09-14,,Colorado Rapids,8314,Portland Timbers,307690,True,True,2024
1455,4386961,2024-09-14,,LA Galaxy,6637,Los Angeles FC,867280,True,True,2024
1456,4387026,2024-09-14,,Vancouver Whitecaps,307691,San Jose Earthquakes,6603,True,True,2024
1457,4386962,2024-09-15,,Seattle Sounders FC,130394,Sporting Kansas City,6604,True,True,2024
1458,4386995,2024-09-18,,Atlanta United,773958,Inter Miami CF,960720,True,True,2024
1459,4387062,2024-09-18,,New England Revolution,6580,CF Montreal,161195,True,True,2024
1460,4386985,2024-09-18,,New York City FC,546238,Philadelphia Union,191716,True,True,2024
1461,4387061,2024-09-18,,Toronto FC,56453,Columbus Crew,6001,True,True,2024
1462,4386986,2024-09-18,,Orlando City,267810,Charlotte FC,1323940,True,True,2024
1463,4387060,2024-09-18,,Houston Dynamo FC,8259,Vancouver Whitecaps,307691,True,True,2024
1464,4386988,2024-09-18,,Minnesota United,207242,FC Cincinnati,722265,True,True,2024
1465,4386989,2024-09-18,,Nashville SC,915807,Chicago Fire FC,6397,True,True,2024
1466,4386987,2024-09-18,,Sporting Kansas City,6604,Colorado Rapids,8314,True,True,2024
1467,4386990,2024-09-18,,Real Salt Lake,6606,FC Dallas,6399,True,True,2024
1468,4386991,2024-09-18,,Los Angeles FC,867280,Austin FC,1218886,True,True,2024
1469,4386992,2024-09-18,,Portland Timbers,307690,LA Galaxy,6637,True,True,2024
1470,4386993,2024-09-18,,Seattle Sounders FC,130394,San Jose Earthquakes,6603,True,True,2024
1471,4386994,2024-09-21,,New York City FC,546238,Inter Miami CF,960720,True,True,2024
1472,4386984,2024-09-21,,Charlotte FC,1323940,New England Revolution,6580,True,True,2024
1473,4387059,2024-09-21,,CF Montreal,161195,Chicago Fire FC,6397,True,True,2024
1474,4386996,2024-09-21,,Columbus Crew,6001,Orlando City,267810,True,True,2024
1475,4386997,2024-09-21,,Red Bull New York,6514,Atlanta United,773958,True,True,2024
1476,4386998,2024-09-21,,Austin FC,1218886,Houston Dynamo FC,8259,True,True,2024
1477,4386999,2024-09-21,,FC Dallas,6399,Los Angeles FC,867280,True,True,2024
1478,4387001,2024-09-21,,Nashville SC,915807,FC Cincinnati,722265,True,True,2024
1479,4387000,2024-09-21,,Sporting Kansas City,6604,Minnesota United,207242,True,True,2024
1480,4387058,2024-09-21,,Colorado Rapids,8314,Toronto FC,56453,True,True,2024
1481,4387002,2024-09-21,,Real Salt Lake,6606,Portland Timbers,307690,True,True,2024
1482,4387057,2024-09-21,,LA Galaxy,6637,Vancouver Whitecaps,307691,True,True,2024
1483,4387003,2024-09-21,,San Jose Earthquakes,6603,St. Louis City,1427963,True,True,2024
1484,4387004,2024-09-22,,Philadelphia Union,191716,DC United,6602,True,True,2024
1485,4387055,2024-09-28,,CF Montreal,161195,San Jose Earthquakes,6603,True,True,2024
1486,4386964,2024-09-28,,DC United,6602,Columbus Crew,6001,True,True,2024
1487,4386974,2024-09-28,,FC Cincinnati,722265,Los Angeles FC,867280,True,True,2024
1488,4386965,2024-09-28,,Inter Miami CF,960720,Charlotte FC,1323940,True,True,2024
1489,4386966,2024-09-28,,New England Revolution,6580,Nashville SC,915807,True,True,2024
1490,4386968,2024-09-28,,Philadelphia Union,191716,Atlanta United,773958,True,True,2024
1491,4386967,2024-09-28,,Red Bull New York,6514,New York City FC,546238,True,True,2024
1492,4386969,2024-09-28,,Austin FC,1218886,Real Salt Lake,6606,True,True,2024
1493,4387054,2024-09-28,,Chicago Fire FC,6397,Toronto FC,56453,True,True,2024
1494,4386970,2024-09-28,,FC Dallas,6399,Orlando City,267810,True,True,2024
1495,4386971,2024-09-28,,Minnesota United,207242,Colorado Rapids,8314,True,True,2024
1496,4386972,2024-09-28,,St. Louis City,1427963,Sporting Kansas City,6604,True,True,2024
1497,4386973,2024-09-28,,Seattle Sounders FC,130394,Houston Dynamo FC,8259,True,True,2024
1498,4387047,2024-09-28,,Vancouver Whitecaps,307691,Portland Timbers,307690,True,True,2024
1499,4387053,2024-10-02,,Atlanta United,773958,CF Montreal,161195,True,True,2024
1500,4386963,2024-10-02,,Charlotte FC,1323940,Chicago Fire FC,6397,True,True,2024
1501,4386976,2024-10-02,,New York City FC,546238,FC Cincinnati,722265,True,True,2024
1502,4386977,2024-10-02,,Orlando City,267810,Philadelphia Union,191716,True,True,2024
1503,4387052,2024-10-02,,Toronto FC,56453,Red Bull New York,6514,True,True,2024
1504,4386975,2024-10-02,,Columbus Crew,6001,Inter Miami CF,960720,True,True,2024
1505,4386978,2024-10-02,,Houston Dynamo FC,8259,New England Revolution,6580,True,True,2024
1506,4386979,2024-10-02,,Nashville SC,915807,DC United,6602,True,True,2024
1507,4386980,2024-10-02,,Colorado Rapids,8314,LA Galaxy,6637,True,True,2024
1508,4386981,2024-10-02,,Real Salt Lake,6606,Minnesota United,207242,True,True,2024
1509,4386982,2024-10-02,,Los Angeles FC,867280,St. Louis City,1427963,True,True,2024
1510,4386983,2024-10-02,,Portland Timbers,307690,Austin FC,1218886,True,True,2024
1511,4387005,2024-10-02,,San Jose Earthquakes,6603,FC Dallas,6399,True,True,2024
1512,4387051,2024-10-02,,Vancouver Whitecaps,307691,Seattle Sounders FC,130394,True,True,2024
1513,4387048,2024-10-05,,Toronto FC,56453,Inter Miami CF,960720,True,True,2024
1514,4387006,2024-10-05,,Atlanta United,773958,Red Bull New York,6514,True,True,2024
1515,4387049,2024-10-05,,Charlotte FC,1323940,CF Montreal,161195,True,True,2024
1516,4387028,2024-10-05,,Columbus Crew,6001,Philadelphia Union,191716,True,True,2024
1517,4387037,2024-10-05,,FC Cincinnati,722265,Orlando City,267810,True,True,2024
1518,4387030,2024-10-05,,New England Revolution,6580,DC United,6602,True,True,2024
1519,4387050,2024-10-05,,Vancouver Whitecaps,307691,Minnesota United,207242,True,True,2024
1520,4387031,2024-10-05,,Sporting Kansas City,6604,Los Angeles FC,867280,True,True,2024
1521,4387032,2024-10-05,,St. Louis City,1427963,Houston Dynamo FC,8259,True,True,2024
1522,4387033,2024-10-05,,Colorado Rapids,8314,Seattle Sounders FC,130394,True,True,2024
1523,4387034,2024-10-05,,LA Galaxy,6637,Austin FC,1218886,True,True,2024
1524,4387035,2024-10-05,,San Jose Earthquakes,6603,Real Salt Lake,6606,True,True,2024
1525,4387029,2024-10-06,,New York City FC,546238,Nashville SC,915807,True,True,2024
1526,4387036,2024-10-06,,Portland Timbers,307690,FC Dallas,6399,True,True,2024
1527,4386785,2024-10-12,,Columbus Crew,6001,New England Revolution,6580,True,True,2024
1528,4387019,2024-10-13,,Vancouver Whitecaps,307691,Los Angeles FC,867280,True,True,2024
1529,4387317,2024-10-19,,CF Montreal,161195,New York City FC,546238,True,True,2024
1530,4387284,2024-10-19,,Chicago Fire FC,6397,Nashville SC,915807,True,True,2024
1531,4387285,2024-10-19,,DC United,6602,Charlotte FC,1323940,True,True,2024
1532,4387275,2024-10-19,,Inter Miami CF,960720,New England Revolution,6580,True,True,2024
1533,4387288,2024-10-19,,Orlando City,267810,Atlanta United,773958,True,True,2024
1534,4387289,2024-10-19,,Philadelphia Union,191716,FC Cincinnati,722265,True,True,2024
1535,4387287,2024-10-19,,Red Bull New York,6514,Columbus Crew,6001,True,True,2024
1536,4387290,2024-10-19,,Austin FC,1218886,Colorado Rapids,8314,True,True,2024
1537,4387291,2024-10-19,,FC Dallas,6399,Sporting Kansas City,6604,True,True,2024
1538,4387292,2024-10-19,,Houston Dynamo FC,8259,LA Galaxy,6637,True,True,2024
1539,4387293,2024-10-19,,Los Angeles FC,867280,San Jose Earthquakes,6603,True,True,2024
1540,4387294,2024-10-19,,Minnesota United,207242,St. Louis City,1427963,True,True,2024
1541,4387318,2024-10-19,,Real Salt Lake,6606,Vancouver Whitecaps,307691,True,True,2024
1542,4387295,2024-10-19,,Seattle Sounders FC,130394,Portland Timbers,307690,True,True,2024
1543,4662556,2024-10-22,1/16,CF Montreal,161195,Atlanta United,773958,True,True,2024
1544,4662557,2024-10-23,1/16,Vancouver Whitecaps,307691,Portland Timbers,307690,True,True,2024
1545,4662560,2024-10-25,1/8,Inter Miami CF,960720,Atlanta United,773958,True,True,2024
1546,4662934,2024-10-26,1/8,LA Galaxy,6637,Colorado Rapids,8314,True,True,2024
1547,4662935,2024-10-27,1/8,Orlando City,267810,Charlotte FC,1323940,True,True,2024
1548,4662936,2024-10-27,1/8,Los Angeles FC,867280,Vancouver Whitecaps,307691,True,True,2024
1549,4662937,2024-10-28,1/8,FC Cincinnati,722265,New York City FC,546238,True,True,2024
1550,4662938,2024-10-28,1/8,Seattle Sounders FC,130394,Houston Dynamo FC,8259,True,True,2024
1551,4662939,2024-10-29,1/8,Columbus Crew,6001,Red Bull New York,6514,True,True,2024
1552,4662940,2024-10-29,1/8,Real Salt Lake,6606,Minnesota United,207242,True,True,2024
1553,4662941,2024-11-01,1/8,Charlotte FC,1323940,Orlando City,267810,True,True,2024
1554,4662942,2024-11-01,1/8,Colorado Rapids,8314,LA Galaxy,6637,True,True,2024
1555,4662943,2024-11-02,1/8,New York City FC,546238,FC Cincinnati,722265,True,True,2024
1556,4662944,2024-11-02,1/8,Atlanta United,773958,Inter Miami CF,960720,True,True,2024
1557,4662945,2024-11-02,1/8,Minnesota United,207242,Real Salt Lake,6606,True,True,2024
1558,4662946,2024-11-03,1/8,Red Bull New York,6514,Columbus Crew,6001,True,True,2024
1559,4662947,2024-11-03,1/8,Houston Dynamo FC,8259,Seattle Sounders FC,130394,True,True,2024
1560,4662948,2024-11-03,1/8,Vancouver Whitecaps,307691,Los Angeles FC,867280,True,True,2024
1561,4671758,2024-11-08,1/8,Los Angeles FC,867280,Vancouver Whitecaps,307691,True,True,2024
1562,4671543,2024-11-09,1/8,FC Cincinnati,722265,New York City FC,546238,True,True,2024
1563,4671262,2024-11-09,1/8,Orlando City,267810,Charlotte FC,1323940,True,True,2024
1564,4671556,2024-11-09,1/8,Inter Miami CF,960720,Atlanta United,773958,True,True,2024
1565,4663699,2024-11-23,1/4,New York City FC,546238,Red Bull New York,6514,True,True,2024
1566,4663696,2024-11-23,1/4,Los Angeles FC,867280,Seattle Sounders FC,130394,True,True,2024
1567,4663698,2024-11-24,1/4,Orlando City,267810,Atlanta United,773958,True,True,2024
1568,4663697,2024-11-24,1/4,LA Galaxy,6637,Minnesota United,207242,True,True,2024
1569,4663701,2024-11-30,1/2,Orlando City,267810,Red Bull New York,6514,True,True,2024
1570,4663700,2024-11-30,1/2,LA Galaxy,6637,Seattle Sounders FC,130394,True,True,2024
1571,4663702,2024-12-07,final,LA Galaxy,6637,Red Bull New York,6514,True,True,2024
1572,4084666,2023-02-25,,Nashville SC,915807,New York City FC,546238,True,True,2023
1573,4084678,2023-02-25,,Atlanta United,773958,San Jose Earthquakes,6603,True,True,2023
1574,4084679,2023-02-25,,Charlotte FC,1323940,New England Revolution,6580,True,True,2023
1575,4084804,2023-02-25,,DC United,6602,Toronto FC,56453,True,True,2023
1576,4084680,2023-02-25,,FC Cincinnati,722265,Houston Dynamo FC,8259,True,True,2023
1577,4084805,2023-02-25,,Inter Miami CF,960720,CF Montreal,161195,True,True,2023
1578,4084681,2023-02-25,,Orlando City,267810,Red Bull New York,6514,True,True,2023
1579,4084682,2023-02-25,,Philadelphia Union,191716,Columbus Crew,6001,True,True,2023
1580,4084683,2023-02-25,,Austin FC,1218886,St. Louis City,1427963,True,True,2023
1581,4084684,2023-02-25,,FC Dallas,6399,Minnesota United,207242,True,True,2023
1582,4084806,2023-02-25,,Vancouver Whitecaps,307691,Real Salt Lake,6606,True,True,2023
1583,4084677,2023-02-26,,Seattle Sounders FC,130394,Colorado Rapids,8314,True,True,2023
1584,4084686,2023-02-27,,Portland Timbers,307690,Sporting Kansas City,6604,True,True,2023
1585,4084676,2023-03-04,,Los Angeles FC,867280,Portland Timbers,307690,True,True,2023
1586,4084807,2023-03-04,,Atlanta United,773958,Toronto FC,56453,True,True,2023
1587,4084667,2023-03-04,,Columbus Crew,6001,DC United,6602,True,True,2023
1588,4084668,2023-03-04,,Inter Miami CF,960720,Philadelphia Union,191716,True,True,2023
1589,4084669,2023-03-04,,New England Revolution,6580,Houston Dynamo FC,8259,True,True,2023
1590,4084671,2023-03-04,,Orlando City,267810,FC Cincinnati,722265,True,True,2023
1591,4084670,2023-03-04,,Red Bull New York,6514,Nashville SC,915807,True,True,2023
1592,4084808,2023-03-04,,Austin FC,1218886,CF Montreal,161195,True,True,2023
1593,4084672,2023-03-04,,Chicago Fire FC,6397,New York City FC,546238,True,True,2023
1594,4084673,2023-03-04,,FC Dallas,6399,LA Galaxy,6637,True,True,2023
1595,4084674,2023-03-04,,St. Louis City,1427963,Charlotte FC,1323940,True,True,2023
1596,4084675,2023-03-04,,Colorado Rapids,8314,Sporting Kansas City,6604,True,True,2023
1597,4084809,2023-03-04,,San Jose Earthquakes,6603,Vancouver Whitecaps,307691,True,True,2023
1598,4084687,2023-03-04,,Seattle Sounders FC,130394,Real Salt Lake,6606,True,True,2023
1599,4084688,2023-03-11,,Charlotte FC,1323940,Atlanta United,773958,True,True,2023
1600,4084829,2023-03-11,,Vancouver Whitecaps,307691,FC Dallas,6399,True,True,2023
1601,4084704,2023-03-11,,DC United,6602,Orlando City,267810,True,True,2023
1602,4084705,2023-03-11,,FC Cincinnati,722265,Seattle Sounders FC,130394,True,True,2023
1603,4084703,2023-03-11,,New York City FC,546238,Inter Miami CF,960720,True,True,2023
1604,4084702,2023-03-11,,Philadelphia Union,191716,Chicago Fire FC,6397,True,True,2023
1605,4084830,2023-03-11,,Toronto FC,56453,Columbus Crew,6001,True,True,2023
1606,4084700,2023-03-11,,Minnesota United,207242,Red Bull New York,6514,True,True,2023
1607,4084831,2023-03-11,,Nashville SC,915807,CF Montreal,161195,True,True,2023
1608,4084701,2023-03-11,,Sporting Kansas City,6604,LA Galaxy,6637,True,True,2023
1609,4084699,2023-03-11,,Real Salt Lake,6606,Austin FC,1218886,True,True,2023
1610,4084698,2023-03-11,,Portland Timbers,307690,St. Louis City,1427963,True,True,2023
1611,4084697,2023-03-11,,San Jose Earthquakes,6603,Colorado Rapids,8314,True,True,2023
1612,4084696,2023-03-12,,Los Angeles FC,867280,New England Revolution,6580,True,True,2023
1613,4084695,2023-03-18,,Seattle Sounders FC,130394,Los Angeles FC,867280,True,True,2023
1614,4084694,2023-03-18,,Atlanta United,773958,Portland Timbers,307690,True,True,2023
1615,4084859,2023-03-18,,CF Montreal,161195,Philadelphia Union,191716,True,True,2023
1616,4084693,2023-03-18,,New England Revolution,6580,Nashville SC,915807,True,True,2023
1617,4084691,2023-03-18,,New York City FC,546238,DC United,6602,True,True,2023
1618,4084690,2023-03-18,,Orlando City,267810,Charlotte FC,1323940,True,True,2023
1619,4084692,2023-03-18,,Red Bull New York,6514,Columbus Crew,6001,True,True,2023
1620,4084858,2023-03-18,,Toronto FC,56453,Inter Miami CF,960720,True,True,2023
1621,4084689,2023-03-18,,Chicago Fire FC,6397,FC Cincinnati,722265,True,True,2023
1622,4084706,2023-03-18,,FC Dallas,6399,Sporting Kansas City,6604,True,True,2023
1623,4084707,2023-03-18,,Houston Dynamo FC,8259,Austin FC,1218886,True,True,2023
1624,4084719,2023-03-18,,St. Louis City,1427963,San Jose Earthquakes,6603,True,True,2023
1625,4084718,2023-03-18,,Colorado Rapids,8314,Minnesota United,207242,True,True,2023
1626,4084857,2023-03-18,,LA Galaxy,6637,Vancouver Whitecaps,307691,True,True,2023
1627,4084717,2023-03-25,,Portland Timbers,307690,LA Galaxy,6637,True,True,2023
1628,4084716,2023-03-25,,Charlotte FC,1323940,Red Bull New York,6514,True,True,2023
1629,4084715,2023-03-25,,Columbus Crew,6001,Atlanta United,773958,True,True,2023
1630,4084714,2023-03-25,,DC United,6602,New England Revolution,6580,True,True,2023
1631,4084713,2023-03-25,,Inter Miami CF,960720,Chicago Fire FC,6397,True,True,2023
1632,4084712,2023-03-25,,Philadelphia Union,191716,Orlando City,267810,True,True,2023
1633,4084711,2023-03-25,,Austin FC,1218886,Colorado Rapids,8314,True,True,2023
1634,4084710,2023-03-25,,Houston Dynamo FC,8259,New York City FC,546238,True,True,2023
1635,4084856,2023-03-25,,Minnesota United,207242,Vancouver Whitecaps,307691,True,True,2023
1636,4084708,2023-03-25,,Nashville SC,915807,FC Cincinnati,722265,True,True,2023
1637,4084709,2023-03-25,,Sporting Kansas City,6604,Seattle Sounders FC,130394,True,True,2023
1638,4084720,2023-03-25,,Real Salt Lake,6606,St. Louis City,1427963,True,True,2023
1639,4084721,2023-03-25,,Los Angeles FC,867280,FC Dallas,6399,True,True,2023
1640,4084855,2023-03-25,,San Jose Earthquakes,6603,Toronto FC,56453,True,True,2023
1641,4084736,2023-04-01,,Atlanta United,773958,Red Bull New York,6514,True,True,2023
1642,4084738,2023-04-01,,Columbus Crew,6001,Real Salt Lake,6606,True,True,2023
1643,4084737,2023-04-01,,FC Cincinnati,722265,Inter Miami CF,960720,True,True,2023
1644,4084739,2023-04-01,,LA Galaxy,6637,Seattle Sounders FC,130394,True,True,2023
1645,4084740,2023-04-01,,New England Revolution,6580,New York City FC,546238,True,True,2023
1646,4084741,2023-04-01,,Orlando City,267810,Nashville SC,915807,True,True,2023
1647,4084742,2023-04-01,,Philadelphia Union,191716,Sporting Kansas City,6604,True,True,2023
1648,4084854,2023-04-01,,Toronto FC,56453,Charlotte FC,1323940,True,True,2023
1649,4084743,2023-04-01,,Chicago Fire FC,6397,DC United,6602,True,True,2023
1650,4084744,2023-04-01,,FC Dallas,6399,Portland Timbers,307690,True,True,2023
1651,4084745,2023-04-01,,St. Louis City,1427963,Minnesota United,207242,True,True,2023
1652,4084746,2023-04-01,,Colorado Rapids,8314,Los Angeles FC,867280,True,True,2023
1653,4084735,2023-04-01,,San Jose Earthquakes,6603,Houston Dynamo FC,8259,True,True,2023
1654,4084853,2023-04-01,,Vancouver Whitecaps,307691,CF Montreal,161195,True,True,2023
1655,4084733,2023-04-08,,DC United,6602,Columbus Crew,6001,True,True,2023
1656,4084734,2023-04-08,,FC Cincinnati,722265,Philadelphia Union,191716,True,True,2023
1657,4084723,2023-04-08,,Inter Miami CF,960720,FC Dallas,6399,True,True,2023
1658,4084722,2023-04-08,,Los Angeles FC,867280,Austin FC,1218886,True,True,2023
1659,4084852,2023-04-08,,New England Revolution,6580,CF Montreal,161195,True,True,2023
1660,4084725,2023-04-08,,New York City FC,546238,Atlanta United,773958,True,True,2023
1661,4084724,2023-04-08,,Red Bull New York,6514,San Jose Earthquakes,6603,True,True,2023
1662,4084726,2023-04-08,,Chicago Fire FC,6397,Minnesota United,207242,True,True,2023
1663,4084727,2023-04-08,,Houston Dynamo FC,8259,LA Galaxy,6637,True,True,2023
1664,4084860,2023-04-08,,Nashville SC,915807,Toronto FC,56453,True,True,2023
1665,4084728,2023-04-08,,Sporting Kansas City,6604,Colorado Rapids,8314,True,True,2023
1666,4084729,2023-04-08,,Real Salt Lake,6606,Charlotte FC,1323940,True,True,2023
1667,4084730,2023-04-08,,Seattle Sounders FC,130394,St. Louis City,1427963,True,True,2023
1668,4084861,2023-04-08,,Vancouver Whitecaps,307691,Portland Timbers,307690,True,True,2023
1669,4084869,2023-04-15,,CF Montreal,161195,DC United,6602,True,True,2023
1670,4084731,2023-04-15,,Charlotte FC,1323940,Colorado Rapids,8314,True,True,2023
1671,4084732,2023-04-15,,Columbus Crew,6001,New England Revolution,6580,True,True,2023
1672,4084748,2023-04-15,,New York City FC,546238,Nashville SC,915807,True,True,2023
1673,4084747,2023-04-15,,Red Bull New York,6514,Houston Dynamo FC,8259,True,True,2023
1674,4084868,2023-04-15,,Toronto FC,56453,Atlanta United,773958,True,True,2023
1675,4084867,2023-04-15,,Austin FC,1218886,Vancouver Whitecaps,307691,True,True,2023
1676,4084749,2023-04-15,,Chicago Fire FC,6397,Philadelphia Union,191716,True,True,2023
1677,4084750,2023-04-15,,FC Dallas,6399,Real Salt Lake,6606,True,True,2023
1678,4084751,2023-04-15,,Minnesota United,207242,Orlando City,267810,True,True,2023
1679,4084752,2023-04-15,,St. Louis City,1427963,FC Cincinnati,722265,True,True,2023
1680,4084753,2023-04-15,,Portland Timbers,307690,Seattle Sounders FC,130394,True,True,2023
1681,4084754,2023-04-15,,San Jose Earthquakes,6603,Sporting Kansas City,6604,True,True,2023
1682,4084755,2023-04-16,,LA Galaxy,6637,Los Angeles FC,867280,True,True,2023
1683,4084866,2023-04-22,,CF Montreal,161195,Red Bull New York,6514,True,True,2023
1684,4084773,2023-04-22,,Charlotte FC,1323940,Columbus Crew,6001,True,True,2023
1685,4084774,2023-04-22,,FC Cincinnati,722265,Portland Timbers,307690,True,True,2023
1686,4084775,2023-04-22,,New England Revolution,6580,Sporting Kansas City,6604,True,True,2023
1687,4084776,2023-04-22,,New York City FC,546238,FC Dallas,6399,True,True,2023
1688,4084777,2023-04-22,,Orlando City,267810,DC United,6602,True,True,2023
1689,4084865,2023-04-22,,Philadelphia Union,191716,Toronto FC,56453,True,True,2023
1690,4084778,2023-04-22,,Houston Dynamo FC,8259,Inter Miami CF,960720,True,True,2023
1691,4084779,2023-04-22,,Nashville SC,915807,Los Angeles FC,867280,True,True,2023
1692,4084780,2023-04-22,,Colorado Rapids,8314,St. Louis City,1427963,True,True,2023
1693,4084781,2023-04-22,,Real Salt Lake,6606,San Jose Earthquakes,6603,True,True,2023
1694,4084782,2023-04-22,,LA Galaxy,6637,Austin FC,1218886,True,True,2023
1695,4084783,2023-04-22,,Seattle Sounders FC,130394,Minnesota United,207242,True,True,2023
1696,4084784,2023-04-23,,Atlanta United,773958,Chicago Fire FC,6397,True,True,2023
1697,4084785,2023-04-29,,Nashville SC,915807,Atlanta United,773958,True,True,2023
1698,4084786,2023-04-29,,Columbus Crew,6001,Inter Miami CF,960720,True,True,2023
1699,4084787,2023-04-29,,DC United,6602,Charlotte FC,1323940,True,True,2023
1700,4084772,2023-04-29,,New England Revolution,6580,FC Cincinnati,722265,True,True,2023
1701,4084771,2023-04-29,,Orlando City,267810,LA Galaxy,6637,True,True,2023
1702,4084864,2023-04-29,,Toronto FC,56453,New York City FC,546238,True,True,2023
1703,4084756,2023-04-29,,Austin FC,1218886,San Jose Earthquakes,6603,True,True,2023
1704,4084757,2023-04-29,,Chicago Fire FC,6397,Red Bull New York,6514,True,True,2023
1705,4084863,2023-04-29,,Sporting Kansas City,6604,CF Montreal,161195,True,True,2023
1706,4084758,2023-04-29,,St. Louis City,1427963,Portland Timbers,307690,True,True,2023
1707,4084759,2023-04-29,,Real Salt Lake,6606,Seattle Sounders FC,130394,True,True,2023
1708,4084862,2023-04-29,,Vancouver Whitecaps,307691,Colorado Rapids,8314,True,True,2023
1709,4084761,2023-04-30,,Minnesota United,207242,FC Dallas,6399,True,True,2023
1710,4084851,2023-05-06,,CF Montreal,161195,Orlando City,267810,True,True,2023
1711,4084762,2023-05-06,,Charlotte FC,1323940,New York City FC,546238,True,True,2023
1712,4084763,2023-05-06,,FC Cincinnati,722265,DC United,6602,True,True,2023
1713,4084764,2023-05-06,,Inter Miami CF,960720,Atlanta United,773958,True,True,2023
1714,4084765,2023-05-06,,Red Bull New York,6514,Philadelphia Union,191716,True,True,2023
1715,4084766,2023-05-06,,San Jose Earthquakes,6603,Los Angeles FC,867280,True,True,2023
1716,4084850,2023-05-06,,Toronto FC,56453,New England Revolution,6580,True,True,2023
1717,4084768,2023-05-06,,Houston Dynamo FC,8259,Real Salt Lake,6606,True,True,2023
1718,4084769,2023-05-06,,Nashville SC,915807,Chicago Fire FC,6397,True,True,2023
1719,4084770,2023-05-06,,LA Galaxy,6637,Colorado Rapids,8314,True,True,2023
1720,4084788,2023-05-06,,Portland Timbers,307690,Austin FC,1218886,True,True,2023
1721,4084839,2023-05-06,,Vancouver Whitecaps,307691,Minnesota United,207242,True,True,2023
1722,4084789,2023-05-07,,Seattle Sounders FC,130394,Sporting Kansas City,6604,True,True,2023
1723,4084790,2023-05-13,,Chicago Fire FC,6397,St. Louis City,1427963,True,True,2023
1724,4084791,2023-05-13,,Atlanta United,773958,Charlotte FC,1323940,True,True,2023
1725,4084838,2023-05-13,,CF Montreal,161195,Toronto FC,56453,True,True,2023
1726,4084792,2023-05-13,,Columbus Crew,6001,Orlando City,267810,True,True,2023
1727,4084812,2023-05-13,,DC United,6602,Nashville SC,915807,True,True,2023
1728,4084813,2023-05-13,,Inter Miami CF,960720,New England Revolution,6580,True,True,2023
1729,4084814,2023-05-13,,Red Bull New York,6514,New York City FC,546238,True,True,2023
1730,4084815,2023-05-13,,Austin FC,1218886,FC Dallas,6399,True,True,2023
1731,4084816,2023-05-13,,Houston Dynamo FC,8259,Seattle Sounders FC,130394,True,True,2023
1732,4084817,2023-05-13,,Sporting Kansas City,6604,Minnesota United,207242,True,True,2023
1733,4084818,2023-05-13,,Colorado Rapids,8314,Philadelphia Union,191716,True,True,2023
1734,4084819,2023-05-13,,Real Salt Lake,6606,Los Angeles FC,867280,True,True,2023
1735,4084837,2023-05-13,,Portland Timbers,307690,Vancouver Whitecaps,307691,True,True,2023
1736,4084820,2023-05-14,,LA Galaxy,6637,San Jose Earthquakes,6603,True,True,2023
1737,4084821,2023-05-17,,Atlanta United,773958,Colorado Rapids,8314,True,True,2023
1738,4084822,2023-05-17,,Charlotte FC,1323940,Chicago Fire FC,6397,True,True,2023
1739,4084823,2023-05-17,,Columbus Crew,6001,LA Galaxy,6637,True,True,2023
1740,4084836,2023-05-17,,FC Cincinnati,722265,CF Montreal,161195,True,True,2023
1741,4084824,2023-05-17,,Orlando City,267810,New York City FC,546238,True,True,2023
1742,4084825,2023-05-17,,Philadelphia Union,191716,DC United,6602,True,True,2023
1743,4084835,2023-05-17,,Toronto FC,56453,Red Bull New York,6514,True,True,2023
1744,4084834,2023-05-17,,FC Dallas,6399,Vancouver Whitecaps,307691,True,True,2023
1745,4084826,2023-05-17,,Minnesota United,207242,Houston Dynamo FC,8259,True,True,2023
1746,4084827,2023-05-17,,Nashville SC,915807,Inter Miami CF,960720,True,True,2023
1747,4084828,2023-05-17,,Real Salt Lake,6606,Portland Timbers,307690,True,True,2023
1748,4084811,2023-05-17,,Los Angeles FC,867280,Sporting Kansas City,6604,True,True,2023
1749,4084810,2023-05-17,,Seattle Sounders FC,130394,Austin FC,1218886,True,True,2023
1750,4084793,2023-05-20,,Charlotte FC,1323940,Nashville SC,915807,True,True,2023
1751,4084795,2023-05-20,,DC United,6602,LA Galaxy,6637,True,True,2023
1752,4084794,2023-05-20,,FC Cincinnati,722265,Columbus Crew,6001,True,True,2023
1753,4084796,2023-05-20,,Inter Miami CF,960720,Orlando City,267810,True,True,2023
1754,4084797,2023-05-20,,Philadelphia Union,191716,New England Revolution,6580,True,True,2023
1755,4084833,2023-05-20,,Red Bull New York,6514,CF Montreal,161195,True,True,2023
1756,4084832,2023-05-20,,Austin FC,1218886,Toronto FC,56453,True,True,2023
1757,4084798,2023-05-20,,Chicago Fire FC,6397,Atlanta United,773958,True,True,2023
1758,4084799,2023-05-20,,FC Dallas,6399,Houston Dynamo FC,8259,True,True,2023
1759,4084800,2023-05-20,,Colorado Rapids,8314,Real Salt Lake,6606,True,True,2023
1760,4084801,2023-05-20,,St. Louis City,1427963,Sporting Kansas City,6604,True,True,2023
1761,4084802,2023-05-20,,Los Angeles FC,867280,San Jose Earthquakes,6603,True,True,2023
1762,4084803,2023-05-20,,Portland Timbers,307690,Minnesota United,207242,True,True,2023
1763,4084840,2023-05-20,,Vancouver Whitecaps,307691,Seattle Sounders FC,130394,True,True,2023
1764,4085051,2023-05-27,,CF Montreal,161195,Inter Miami CF,960720,True,True,2023
1765,4084841,2023-05-27,,New England Revolution,6580,Chicago Fire FC,6397,True,True,2023
1766,4084849,2023-05-27,,New York City FC,546238,Philadelphia Union,191716,True,True,2023
1767,4084848,2023-05-27,,Orlando City,267810,Atlanta United,773958,True,True,2023
1768,4085052,2023-05-27,,Toronto FC,56453,DC United,6602,True,True,2023
1769,4084847,2023-05-27,,Houston Dynamo FC,8259,Austin FC,1218886,True,True,2023
1770,4084846,2023-05-27,,Minnesota United,207242,Real Salt Lake,6606,True,True,2023
1771,4085053,2023-05-27,,St. Louis City,1427963,Vancouver Whitecaps,307691,True,True,2023
1772,4084845,2023-05-27,,Colorado Rapids,8314,FC Cincinnati,722265,True,True,2023
1773,4084844,2023-05-27,,LA Galaxy,6637,Charlotte FC,1323940,True,True,2023
1774,4084843,2023-05-27,,San Jose Earthquakes,6603,FC Dallas,6399,True,True,2023
1775,4084842,2023-05-27,,Seattle Sounders FC,130394,Red Bull New York,6514,True,True,2023
1776,4084870,2023-05-28,,Sporting Kansas City,6604,Portland Timbers,307690,True,True,2023
1777,4084899,2023-05-28,,Nashville SC,915807,Columbus Crew,6001,True,True,2023
1778,4084898,2023-05-31,,Atlanta United,773958,New England Revolution,6580,True,True,2023
1779,4084897,2023-05-31,,Columbus Crew,6001,Colorado Rapids,8314,True,True,2023
1780,4085045,2023-05-31,,DC United,6602,CF Montreal,161195,True,True,2023
1781,4084896,2023-05-31,,Inter Miami CF,960720,Red Bull New York,6514,True,True,2023
1782,4084895,2023-05-31,,New York City FC,546238,FC Cincinnati,722265,True,True,2023
1783,4084894,2023-05-31,,Philadelphia Union,191716,Charlotte FC,1323940,True,True,2023
1784,4085044,2023-05-31,,Toronto FC,56453,Chicago Fire FC,6397,True,True,2023
1785,4084893,2023-05-31,,Austin FC,1218886,Minnesota United,207242,True,True,2023
1786,4084892,2023-05-31,,Sporting Kansas City,6604,FC Dallas,6399,True,True,2023
1787,4084900,2023-05-31,,Real Salt Lake,6606,LA Galaxy,6637,True,True,2023
1788,4084909,2023-05-31,,Seattle Sounders FC,130394,San Jose Earthquakes,6603,True,True,2023
1789,4085043,2023-05-31,,Vancouver Whitecaps,307691,Houston Dynamo FC,8259,True,True,2023
1790,4084908,2023-06-03,,New York City FC,546238,New England Revolution,6580,True,True,2023
1791,4084907,2023-06-03,,Seattle Sounders FC,130394,Portland Timbers,307690,True,True,2023
1792,4084905,2023-06-03,,Columbus Crew,6001,Charlotte FC,1323940,True,True,2023
1793,4084906,2023-06-03,,FC Cincinnati,722265,Chicago Fire FC,6397,True,True,2023
1794,4084904,2023-06-03,,Inter Miami CF,960720,DC United,6602,True,True,2023
1795,4085034,2023-06-03,,Philadelphia Union,191716,CF Montreal,161195,True,True,2023
1796,4084903,2023-06-03,,Red Bull New York,6514,Orlando City,267810,True,True,2023
1797,4084902,2023-06-03,,Austin FC,1218886,Real Salt Lake,6606,True,True,2023
1798,4084891,2023-06-03,,FC Dallas,6399,Nashville SC,915807,True,True,2023
1799,4085035,2023-06-03,,Minnesota United,207242,Toronto FC,56453,True,True,2023
1800,4084890,2023-06-03,,St. Louis City,1427963,Houston Dynamo FC,8259,True,True,2023
1801,4084889,2023-06-03,,Colorado Rapids,8314,San Jose Earthquakes,6603,True,True,2023
1802,4085036,2023-06-03,,Vancouver Whitecaps,307691,Sporting Kansas City,6604,True,True,2023
1803,4084767,2023-06-07,,FC Dallas,6399,St. Louis City,1427963,True,True,2023
1804,4084872,2023-06-07,,Los Angeles FC,867280,Atlanta United,773958,True,True,2023
1805,4084873,2023-06-10,,Atlanta United,773958,DC United,6602,True,True,2023
1806,4085037,2023-06-10,,CF Montreal,161195,Minnesota United,207242,True,True,2023
1807,4084874,2023-06-10,,Charlotte FC,1323940,Seattle Sounders FC,130394,True,True,2023
1808,4084875,2023-06-10,,New England Revolution,6580,Inter Miami CF,960720,True,True,2023
1809,4084876,2023-06-10,,Orlando City,267810,Colorado Rapids,8314,True,True,2023
1810,4085038,2023-06-10,,Toronto FC,56453,Nashville SC,915807,True,True,2023
1811,4084877,2023-06-10,,Chicago Fire FC,6397,Columbus Crew,6001,True,True,2023
1812,4084878,2023-06-10,,Houston Dynamo FC,8259,Los Angeles FC,867280,True,True,2023
1813,4084879,2023-06-10,,Sporting Kansas City,6604,Austin FC,1218886,True,True,2023
1814,4084880,2023-06-10,,Real Salt Lake,6606,New York City FC,546238,True,True,2023
1815,4084881,2023-06-10,,San Jose Earthquakes,6603,Philadelphia Union,191716,True,True,2023
1816,4085039,2023-06-10,,Vancouver Whitecaps,307691,FC Cincinnati,722265,True,True,2023
1817,4084882,2023-06-11,,St. Louis City,1427963,LA Galaxy,6637,True,True,2023
1818,4084883,2023-06-11,,Portland Timbers,307690,FC Dallas,6399,True,True,2023
1819,4084760,2023-06-14,,Los Angeles FC,867280,Houston Dynamo FC,8259,True,True,2023
1820,4084884,2023-06-17,,New York City FC,546238,Columbus Crew,6001,True,True,2023
1821,4084885,2023-06-17,,DC United,6602,Real Salt Lake,6606,True,True,2023
1822,4084886,2023-06-17,,New England Revolution,6580,Orlando City,267810,True,True,2023
1823,4084888,2023-06-17,,Nashville SC,915807,St. Louis City,1427963,True,True,2023
1824,4084887,2023-06-17,,Sporting Kansas City,6604,Los Angeles FC,867280,True,True,2023
1825,4084871,2023-06-17,,San Jose Earthquakes,6603,Portland Timbers,307690,True,True,2023
1826,4084910,2023-06-21,,Atlanta United,773958,New York City FC,546238,True,True,2023
1827,4085041,2023-06-21,,CF Montreal,161195,Nashville SC,915807,True,True,2023
1828,4085040,2023-06-21,,FC Cincinnati,722265,Toronto FC,56453,True,True,2023
1829,4084929,2023-06-21,,Orlando City,267810,Philadelphia Union,191716,True,True,2023
1830,4084911,2023-06-21,,Red Bull New York,6514,Charlotte FC,1323940,True,True,2023
1831,4084931,2023-06-21,,Houston Dynamo FC,8259,San Jose Earthquakes,6603,True,True,2023
1832,4084933,2023-06-21,,St. Louis City,1427963,Real Salt Lake,6606,True,True,2023
1833,4084930,2023-06-21,,Austin FC,1218886,FC Dallas,6399,True,True,2023
1834,4084934,2023-06-21,,LA Galaxy,6637,Sporting Kansas City,6604,True,True,2023
1835,4084935,2023-06-21,,Los Angeles FC,867280,Seattle Sounders FC,130394,True,True,2023
1836,4084936,2023-06-21,,Portland Timbers,307690,Chicago Fire FC,6397,True,True,2023
1837,4085080,2023-06-24,,Charlotte FC,1323940,CF Montreal,161195,True,True,2023
1838,4084937,2023-06-24,,Columbus Crew,6001,Nashville SC,915807,True,True,2023
1839,4084943,2023-06-24,,DC United,6602,FC Cincinnati,722265,True,True,2023
1840,4085091,2023-06-24,,New England Revolution,6580,Toronto FC,56453,True,True,2023
1841,4084941,2023-06-24,,Philadelphia Union,191716,Inter Miami CF,960720,True,True,2023
1842,4084942,2023-06-24,,Red Bull New York,6514,Atlanta United,773958,True,True,2023
1843,4084939,2023-06-24,,Sporting Kansas City,6604,Chicago Fire FC,6397,True,True,2023
1844,4084940,2023-06-24,,Austin FC,1218886,Houston Dynamo FC,8259,True,True,2023
1845,4084938,2023-06-24,,Colorado Rapids,8314,LA Galaxy,6637,True,True,2023
1846,4084928,2023-06-24,,Real Salt Lake,6606,Minnesota United,207242,True,True,2023
1847,4085090,2023-06-24,,Los Angeles FC,867280,Vancouver Whitecaps,307691,True,True,2023
1848,4084927,2023-06-24,,Portland Timbers,307690,New York City FC,546238,True,True,2023
1849,4084913,2023-06-24,,San Jose Earthquakes,6603,St. Louis City,1427963,True,True,2023
1850,4084914,2023-06-24,,Seattle Sounders FC,130394,Orlando City,267810,True,True,2023
1851,4085089,2023-07-01,,CF Montreal,161195,New York City FC,546238,True,True,2023
1852,4084916,2023-07-01,,Columbus Crew,6001,Red Bull New York,6514,True,True,2023
1853,4084915,2023-07-01,,FC Cincinnati,722265,New England Revolution,6580,True,True,2023
1854,4084917,2023-07-01,,Inter Miami CF,960720,Austin FC,1218886,True,True,2023
1855,4084918,2023-07-01,,Orlando City,267810,Chicago Fire FC,6397,True,True,2023
1856,4085088,2023-07-01,,Toronto FC,56453,Real Salt Lake,6606,True,True,2023
1857,4084919,2023-07-01,,FC Dallas,6399,Los Angeles FC,867280,True,True,2023
1858,4084920,2023-07-01,,Minnesota United,207242,Portland Timbers,307690,True,True,2023
1859,4084921,2023-07-01,,Nashville SC,915807,DC United,6602,True,True,2023
1860,4085087,2023-07-01,,Sporting Kansas City,6604,Vancouver Whitecaps,307691,True,True,2023
1861,4084922,2023-07-01,,St. Louis City,1427963,Colorado Rapids,8314,True,True,2023
1862,4084923,2023-07-01,,San Jose Earthquakes,6603,LA Galaxy,6637,True,True,2023
1863,4084924,2023-07-01,,Seattle Sounders FC,130394,Houston Dynamo FC,8259,True,True,2023
1864,4084925,2023-07-02,,Atlanta United,773958,Philadelphia Union,191716,True,True,2023
1865,4084926,2023-07-04,,Inter Miami CF,960720,Columbus Crew,6001,True,True,2023
1866,4085086,2023-07-04,,Orlando City,267810,Toronto FC,56453,True,True,2023
1867,4084912,2023-07-04,,FC Dallas,6399,DC United,6602,True,True,2023
1868,4084685,2023-07-04,,LA Galaxy,6637,Los Angeles FC,867280,True,True,2023
1869,4084949,2023-07-05,,New York City FC,546238,Charlotte FC,1323940,True,True,2023
1870,4085085,2023-07-08,,CF Montreal,161195,Atlanta United,773958,True,True,2023
1871,4084948,2023-07-08,,Charlotte FC,1323940,FC Cincinnati,722265,True,True,2023
1872,4084947,2023-07-08,,Columbus Crew,6001,New York City FC,546238,True,True,2023
1873,4084946,2023-07-08,,DC United,6602,Inter Miami CF,960720,True,True,2023
1874,4084945,2023-07-08,,Red Bull New York,6514,New England Revolution,6580,True,True,2023
1875,4085084,2023-07-08,,Toronto FC,56453,St. Louis City,1427963,True,True,2023
1876,4084944,2023-07-08,,Chicago Fire FC,6397,Nashville SC,915807,True,True,2023
1877,4084952,2023-07-08,,Houston Dynamo FC,8259,Sporting Kansas City,6604,True,True,2023
1878,4084966,2023-07-08,,Minnesota United,207242,Austin FC,1218886,True,True,2023
1879,4084967,2023-07-08,,Colorado Rapids,8314,FC Dallas,6399,True,True,2023
1880,4084968,2023-07-08,,Real Salt Lake,6606,Orlando City,267810,True,True,2023
1881,4084969,2023-07-08,,LA Galaxy,6637,Philadelphia Union,191716,True,True,2023
1882,4084970,2023-07-08,,Los Angeles FC,867280,San Jose Earthquakes,6603,True,True,2023
1883,4085083,2023-07-08,,Vancouver Whitecaps,307691,Seattle Sounders FC,130394,True,True,2023
1884,4084971,2023-07-12,,New England Revolution,6580,Atlanta United,773958,True,True,2023
1885,4084972,2023-07-12,,Red Bull New York,6514,FC Cincinnati,722265,True,True,2023
1886,4085082,2023-07-12,,Chicago Fire FC,6397,CF Montreal,161195,True,True,2023
1887,4084973,2023-07-12,,Houston Dynamo FC,8259,Minnesota United,207242,True,True,2023
1888,4084975,2023-07-12,,Nashville SC,915807,Philadelphia Union,191716,True,True,2023
1889,4084974,2023-07-12,,Sporting Kansas City,6604,Real Salt Lake,6606,True,True,2023
1890,4084951,2023-07-12,,Colorado Rapids,8314,Portland Timbers,307690,True,True,2023
1891,4084901,2023-07-12,,Los Angeles FC,867280,St. Louis City,1427963,True,True,2023
1892,4084976,2023-07-12,,San Jose Earthquakes,6603,Seattle Sounders FC,130394,True,True,2023
1893,4085081,2023-07-12,,Vancouver Whitecaps,307691,Austin FC,1218886,True,True,2023
1894,4084965,2023-07-15,,Atlanta United,773958,Orlando City,267810,True,True,2023
1895,4085120,2023-07-15,,CF Montreal,161195,Charlotte FC,1323940,True,True,2023
1896,4084964,2023-07-15,,FC Cincinnati,722265,Nashville SC,915807,True,True,2023
1897,4084954,2023-07-15,,New England Revolution,6580,DC United,6602,True,True,2023
1898,4084955,2023-07-15,,Philadelphia Union,191716,New York City FC,546238,True,True,2023
1899,4085108,2023-07-15,,Chicago Fire FC,6397,Toronto FC,56453,True,True,2023
1900,4084957,2023-07-15,,Minnesota United,207242,Los Angeles FC,867280,True,True,2023
1901,4084958,2023-07-15,,St. Louis City,1427963,Inter Miami CF,960720,True,True,2023
1902,4084956,2023-07-15,,Austin FC,1218886,Sporting Kansas City,6604,True,True,2023
1903,4084959,2023-07-15,,Colorado Rapids,8314,Houston Dynamo FC,8259,True,True,2023
1904,4084960,2023-07-15,,Real Salt Lake,6606,Red Bull New York,6514,True,True,2023
1905,4084961,2023-07-15,,Portland Timbers,307690,Columbus Crew,6001,True,True,2023
1906,4084962,2023-07-15,,Seattle Sounders FC,130394,FC Dallas,6399,True,True,2023
1907,4085109,2023-07-15,,Vancouver Whitecaps,307691,LA Galaxy,6637,True,True,2023
1908,4084963,2023-08-20,,Columbus Crew,6001,FC Cincinnati,722265,True,True,2023
1909,4084991,2023-08-20,,New York City FC,546238,Minnesota United,207242,True,True,2023
1910,4084992,2023-08-20,,Red Bull New York,6514,DC United,6602,True,True,2023
1911,4085110,2023-08-20,,Toronto FC,56453,CF Montreal,161195,True,True,2023
1912,4084989,2023-08-20,,Chicago Fire FC,6397,Orlando City,267810,True,True,2023
1913,4084988,2023-08-20,,Houston Dynamo FC,8259,Portland Timbers,307690,True,True,2023
1914,4084986,2023-08-20,,St. Louis City,1427963,Austin FC,1218886,True,True,2023
1915,4084977,2023-08-20,,Seattle Sounders FC,130394,Atlanta United,773958,True,True,2023
1916,4085111,2023-08-20,,Vancouver Whitecaps,307691,San Jose Earthquakes,6603,True,True,2023
1917,4084984,2023-08-23,,Los Angeles FC,867280,Colorado Rapids,8314,True,True,2023
1918,4084978,2023-08-26,,Atlanta United,773958,Nashville SC,915807,True,True,2023
1919,4085113,2023-08-26,,CF Montreal,161195,New England Revolution,6580,True,True,2023
1920,4084979,2023-08-26,,Charlotte FC,1323940,Los Angeles FC,867280,True,True,2023
1921,4085112,2023-08-26,,Columbus Crew,6001,Toronto FC,56453,True,True,2023
1922,4084981,2023-08-26,,DC United,6602,Philadelphia Union,191716,True,True,2023
1923,4084980,2023-08-26,,FC Cincinnati,722265,New York City FC,546238,True,True,2023
1924,4084983,2023-08-26,,Orlando City,267810,St. Louis City,1427963,True,True,2023
1925,4084982,2023-08-26,,Red Bull New York,6514,Inter Miami CF,960720,True,True,2023
1926,4084993,2023-08-26,,FC Dallas,6399,Austin FC,1218886,True,True,2023
1927,4085014,2023-08-26,,Sporting Kansas City,6604,San Jose Earthquakes,6603,True,True,2023
1928,4085026,2023-08-26,,Real Salt Lake,6606,Houston Dynamo FC,8259,True,True,2023
1929,4085027,2023-08-26,,LA Galaxy,6637,Chicago Fire FC,6397,True,True,2023
1930,4085114,2023-08-26,,Portland Timbers,307690,Vancouver Whitecaps,307691,True,True,2023
1931,4085028,2023-08-27,,Minnesota United,207242,Seattle Sounders FC,130394,True,True,2023
1932,4085029,2023-08-30,,Atlanta United,773958,FC Cincinnati,722265,True,True,2023
1933,4085030,2023-08-30,,Charlotte FC,1323940,Orlando City,267810,True,True,2023
1934,4085031,2023-08-30,,Inter Miami CF,960720,Nashville SC,915807,True,True,2023
1935,4085032,2023-08-30,,New England Revolution,6580,Red Bull New York,6514,True,True,2023
1936,4085115,2023-08-30,,New York City FC,546238,CF Montreal,161195,True,True,2023
1937,4085116,2023-08-30,,Toronto FC,56453,Philadelphia Union,191716,True,True,2023
1938,4085033,2023-08-30,,Austin FC,1218886,Seattle Sounders FC,130394,True,True,2023
1939,4085117,2023-08-30,,Chicago Fire FC,6397,Vancouver Whitecaps,307691,True,True,2023
1940,4085025,2023-08-30,,Houston Dynamo FC,8259,Columbus Crew,6001,True,True,2023
1941,4085024,2023-08-30,,Minnesota United,207242,Colorado Rapids,8314,True,True,2023
1942,4085023,2023-08-30,,St. Louis City,1427963,FC Dallas,6399,True,True,2023
1943,4085015,2023-08-30,,Portland Timbers,307690,Real Salt Lake,6606,True,True,2023
1944,4085016,2023-08-30,,San Jose Earthquakes,6603,LA Galaxy,6637,True,True,2023
1945,4085118,2023-09-02,,New York City FC,546238,Vancouver Whitecaps,307691,True,True,2023
1946,4085119,2023-09-02,,CF Montreal,161195,Columbus Crew,6001,True,True,2023
1947,4085018,2023-09-02,,DC United,6602,Chicago Fire FC,6397,True,True,2023
1948,4085017,2023-09-02,,FC Cincinnati,722265,Orlando City,267810,True,True,2023
1949,4085019,2023-09-02,,New England Revolution,6580,Austin FC,1218886,True,True,2023
1950,4085020,2023-09-02,,FC Dallas,6399,Atlanta United,773958,True,True,2023
1951,4085022,2023-09-02,,Nashville SC,915807,Charlotte FC,1323940,True,True,2023
1952,4085021,2023-09-02,,Sporting Kansas City,6604,St. Louis City,1427963,True,True,2023
1953,4085054,2023-09-02,,Real Salt Lake,6606,Colorado Rapids,8314,True,True,2023
1954,4085046,2023-09-02,,LA Galaxy,6637,Houston Dynamo FC,8259,True,True,2023
1955,4085048,2023-09-02,,San Jose Earthquakes,6603,Minnesota United,207242,True,True,2023
1956,4085049,2023-09-02,,Seattle Sounders FC,130394,Portland Timbers,307690,True,True,2023
1957,4085050,2023-09-03,,Philadelphia Union,191716,Red Bull New York,6514,True,True,2023
1958,4085047,2023-09-03,,Los Angeles FC,867280,Inter Miami CF,960720,True,True,2023
1959,4085107,2023-09-09,,DC United,6602,San Jose Earthquakes,6603,True,True,2023
1960,4085106,2023-09-09,,Inter Miami CF,960720,Sporting Kansas City,6604,True,True,2023
1961,4084932,2023-09-09,,Minnesota United,207242,New England Revolution,6580,True,True,2023
1962,4085105,2023-09-09,,Portland Timbers,307690,Los Angeles FC,867280,True,True,2023
1963,4084950,2023-09-10,,LA Galaxy,6637,St. Louis City,1427963,True,True,2023
1964,4085096,2023-09-16,,New York City FC,546238,Red Bull New York,6514,True,True,2023
1965,4085095,2023-09-16,,Atlanta United,773958,Inter Miami CF,960720,True,True,2023
1966,4085199,2023-09-16,,CF Montreal,161195,Chicago Fire FC,6397,True,True,2023
1967,4085094,2023-09-16,,Charlotte FC,1323940,DC United,6602,True,True,2023
1968,4085093,2023-09-16,,Orlando City,267810,Columbus Crew,6001,True,True,2023
1969,4085092,2023-09-16,,Philadelphia Union,191716,FC Cincinnati,722265,True,True,2023
1970,4085200,2023-09-16,,Toronto FC,56453,Vancouver Whitecaps,307691,True,True,2023
1971,4085097,2023-09-16,,FC Dallas,6399,Seattle Sounders FC,130394,True,True,2023
1972,4085098,2023-09-16,,Houston Dynamo FC,8259,St. Louis City,1427963,True,True,2023
1973,4085099,2023-09-16,,Minnesota United,207242,Sporting Kansas City,6604,True,True,2023
1974,4085100,2023-09-16,,Colorado Rapids,8314,New England Revolution,6580,True,True,2023
1975,4085101,2023-09-16,,Los Angeles FC,867280,LA Galaxy,6637,True,True,2023
1976,4085102,2023-09-16,,San Jose Earthquakes,6603,Real Salt Lake,6606,True,True,2023
1977,4085103,2023-09-17,,Austin FC,1218886,Portland Timbers,307690,True,True,2023
1978,4085188,2023-09-20,,CF Montreal,161195,FC Cincinnati,722265,True,True,2023
1979,4085104,2023-09-20,,Charlotte FC,1323940,Philadelphia Union,191716,True,True,2023
1980,4085121,2023-09-20,,Columbus Crew,6001,Chicago Fire FC,6397,True,True,2023
1981,4085131,2023-09-20,,DC United,6602,Atlanta United,773958,True,True,2023
1982,4085201,2023-09-20,,Inter Miami CF,960720,Toronto FC,56453,True,True,2023
1983,4085129,2023-09-20,,New York City FC,546238,Orlando City,267810,True,True,2023
1984,4085130,2023-09-20,,Red Bull New York,6514,Austin FC,1218886,True,True,2023
1985,4085187,2023-09-20,,Houston Dynamo FC,8259,Vancouver Whitecaps,307691,True,True,2023
1986,4085128,2023-09-20,,Sporting Kansas City,6604,Nashville SC,915807,True,True,2023
1987,4085127,2023-09-20,,St. Louis City,1427963,Los Angeles FC,867280,True,True,2023
1988,4085126,2023-09-20,,Colorado Rapids,8314,Seattle Sounders FC,130394,True,True,2023
1989,4085125,2023-09-20,,Real Salt Lake,6606,FC Dallas,6399,True,True,2023
1990,4085124,2023-09-20,,LA Galaxy,6637,Minnesota United,207242,True,True,2023
1991,4085123,2023-09-20,,Portland Timbers,307690,San Jose Earthquakes,6603,True,True,2023
1992,4085178,2023-09-23,,Atlanta United,773958,CF Montreal,161195,True,True,2023
1993,4085132,2023-09-23,,DC United,6602,Red Bull New York,6514,True,True,2023
1994,4085122,2023-09-23,,FC Cincinnati,722265,Charlotte FC,1323940,True,True,2023
1995,4085133,2023-09-23,,Philadelphia Union,191716,Los Angeles FC,867280,True,True,2023
1996,4085149,2023-09-23,,Chicago Fire FC,6397,New England Revolution,6580,True,True,2023
1997,4085150,2023-09-23,,FC Dallas,6399,Columbus Crew,6001,True,True,2023
1998,4085152,2023-09-23,,Minnesota United,207242,St. Louis City,1427963,True,True,2023
1999,4085151,2023-09-23,,Sporting Kansas City,6604,Houston Dynamo FC,8259,True,True,2023
2000,4085176,2023-09-23,,Real Salt Lake,6606,Vancouver Whitecaps,307691,True,True,2023
2001,4085153,2023-09-23,,Portland Timbers,307690,Colorado Rapids,8314,True,True,2023
2002,4085154,2023-09-23,,San Jose Earthquakes,6603,Nashville SC,915807,True,True,2023
2003,4085177,2023-09-24,,New York City FC,546238,Toronto FC,56453,True,True,2023
2004,4085155,2023-09-24,,Orlando City,267810,Inter Miami CF,960720,True,True,2023
2005,4085156,2023-09-24,,Austin FC,1218886,LA Galaxy,6637,True,True,2023
2006,4084990,2023-09-27,,Philadelphia Union,191716,FC Dallas,6399,True,True,2023
2007,4085042,2023-09-27,,Colorado Rapids,8314,Vancouver Whitecaps,307691,True,True,2023
2008,4085157,2023-09-30,,Columbus Crew,6001,Philadelphia Union,191716,True,True,2023
2009,4085158,2023-09-30,,Inter Miami CF,960720,New York City FC,546238,True,True,2023
2010,4085159,2023-09-30,,New England Revolution,6580,Charlotte FC,1323940,True,True,2023
2011,4085175,2023-09-30,,Orlando City,267810,CF Montreal,161195,True,True,2023
2012,4085160,2023-09-30,,Red Bull New York,6514,Chicago Fire FC,6397,True,True,2023
2013,4085174,2023-09-30,,Toronto FC,56453,FC Cincinnati,722265,True,True,2023
2014,4085148,2023-09-30,,Houston Dynamo FC,8259,FC Dallas,6399,True,True,2023
2015,4085147,2023-09-30,,Minnesota United,207242,San Jose Earthquakes,6603,True,True,2023
2016,4085146,2023-09-30,,Nashville SC,915807,Seattle Sounders FC,130394,True,True,2023
2017,4085134,2023-09-30,,St. Louis City,1427963,Sporting Kansas City,6604,True,True,2023
2018,4085135,2023-09-30,,Colorado Rapids,8314,Austin FC,1218886,True,True,2023
2019,4085136,2023-09-30,,LA Galaxy,6637,Portland Timbers,307690,True,True,2023
2020,4085173,2023-09-30,,Vancouver Whitecaps,307691,DC United,6602,True,True,2023
2021,4085137,2023-10-01,,Los Angeles FC,867280,Real Salt Lake,6606,True,True,2023
2022,4085180,2023-10-04,,CF Montreal,161195,Houston Dynamo FC,8259,True,True,2023
2023,4085179,2023-10-04,,Charlotte FC,1323940,Toronto FC,56453,True,True,2023
2024,4085138,2023-10-04,,FC Cincinnati,722265,Red Bull New York,6514,True,True,2023
2025,4085139,2023-10-04,,New England Revolution,6580,Columbus Crew,6001,True,True,2023
2026,4085140,2023-10-04,,Philadelphia Union,191716,Atlanta United,773958,True,True,2023
2027,4085141,2023-10-04,,Austin FC,1218886,DC United,6602,True,True,2023
2028,4085142,2023-10-04,,Chicago Fire FC,6397,Inter Miami CF,960720,True,True,2023
2029,4085144,2023-10-04,,Nashville SC,915807,Orlando City,267810,True,True,2023
2030,4085145,2023-10-04,,Los Angeles FC,867280,Minnesota United,207242,True,True,2023
2031,4085161,2023-10-04,,Seattle Sounders FC,130394,LA Galaxy,6637,True,True,2023
2032,4085181,2023-10-04,,Vancouver Whitecaps,307691,St. Louis City,1427963,True,True,2023
2033,4085162,2023-10-07,,Atlanta United,773958,Columbus Crew,6001,True,True,2023
2034,4085182,2023-10-07,,CF Montreal,161195,Portland Timbers,307690,True,True,2023
2035,4085172,2023-10-07,,DC United,6602,New York City FC,546238,True,True,2023
2036,4085171,2023-10-07,,Inter Miami CF,960720,FC Cincinnati,722265,True,True,2023
2037,4085170,2023-10-07,,Orlando City,267810,New England Revolution,6580,True,True,2023
2038,4085169,2023-10-07,,Philadelphia Union,191716,Nashville SC,915807,True,True,2023
2039,4085183,2023-10-07,,Red Bull New York,6514,Toronto FC,56453,True,True,2023
2040,4085168,2023-10-07,,Austin FC,1218886,Los Angeles FC,867280,True,True,2023
2041,4085167,2023-10-07,,Chicago Fire FC,6397,Charlotte FC,1323940,True,True,2023
2042,4085166,2023-10-07,,FC Dallas,6399,San Jose Earthquakes,6603,True,True,2023
2043,4085165,2023-10-07,,Houston Dynamo FC,8259,Colorado Rapids,8314,True,True,2023
2044,4085164,2023-10-07,,Minnesota United,207242,LA Galaxy,6637,True,True,2023
2045,4085163,2023-10-07,,Real Salt Lake,6606,Sporting Kansas City,6604,True,True,2023
2046,4085184,2023-10-07,,Seattle Sounders FC,130394,Vancouver Whitecaps,307691,True,True,2023
2047,4085143,2023-10-14,,FC Dallas,6399,Colorado Rapids,8314,True,True,2023
2048,4084987,2023-10-14,,Nashville SC,915807,New England Revolution,6580,True,True,2023
2049,4084985,2023-10-14,,LA Galaxy,6637,Real Salt Lake,6606,True,True,2023
2050,4084953,2023-10-18,,Inter Miami CF,960720,Charlotte FC,1323940,True,True,2023
2051,4085202,2023-10-21,,Charlotte FC,1323940,Inter Miami CF,960720,True,True,2023
2052,4085185,2023-10-21,,Columbus Crew,6001,CF Montreal,161195,True,True,2023
2053,4085189,2023-10-21,,FC Cincinnati,722265,Atlanta United,773958,True,True,2023
2054,4085193,2023-10-21,,Nashville SC,915807,Red Bull New York,6514,True,True,2023
2055,4085194,2023-10-21,,New England Revolution,6580,Philadelphia Union,191716,True,True,2023
2056,4085195,2023-10-21,,New York City FC,546238,Chicago Fire FC,6397,True,True,2023
2057,4085186,2023-10-21,,Toronto FC,56453,Orlando City,267810,True,True,2023
2058,4085190,2023-10-21,,Colorado Rapids,8314,Real Salt Lake,6606,True,True,2023
2059,4085192,2023-10-21,,LA Galaxy,6637,FC Dallas,6399,True,True,2023
2060,4085196,2023-10-21,,Portland Timbers,307690,Houston Dynamo FC,8259,True,True,2023
2061,4085197,2023-10-21,,San Jose Earthquakes,6603,Austin FC,1218886,True,True,2023
2062,4085191,2023-10-21,,Sporting Kansas City,6604,Minnesota United,207242,True,True,2023
2063,4085198,2023-10-21,,St. Louis City,1427963,Seattle Sounders FC,130394,True,True,2023
2064,4085203,2023-10-21,,Vancouver Whitecaps,307691,Los Angeles FC,867280,True,True,2023
2065,4351929,2023-10-25,1/16,Red Bull New York,6514,Charlotte FC,1323940,True,True,2023
2066,4351930,2023-10-25,1/16,Sporting Kansas City,6604,San Jose Earthquakes,6603,True,True,2023
2067,4352220,2023-10-28,1/8,Philadelphia Union,191716,New England Revolution,6580,True,True,2023
2068,4352229,2023-10-28,1/8,Los Angeles FC,867280,Vancouver Whitecaps,307691,True,True,2023
2069,4352224,2023-10-29,1/8,Houston Dynamo FC,8259,Real Salt Lake,6606,True,True,2023
2070,4353893,2023-10-29,1/8,FC Cincinnati,722265,Red Bull New York,6514,True,True,2023
2071,4353897,2023-10-29,1/8,St. Louis City,1427963,Sporting Kansas City,6604,True,True,2023
2072,4352219,2023-10-30,1/8,Orlando City,267810,Nashville SC,915807,True,True,2023
2073,4352222,2023-10-30,1/8,Seattle Sounders FC,130394,FC Dallas,6399,True,True,2023
2074,4352226,2023-11-01,1/8,Columbus Crew,6001,Atlanta United,773958,True,True,2023
2075,4353894,2023-11-04,1/8,Red Bull New York,6514,FC Cincinnati,722265,True,True,2023
2076,4352221,2023-11-04,1/8,FC Dallas,6399,Seattle Sounders FC,130394,True,True,2023
2077,4353898,2023-11-05,1/8,Sporting Kansas City,6604,St. Louis City,1427963,True,True,2023
2078,4352228,2023-11-05,1/8,Vancouver Whitecaps,307691,Los Angeles FC,867280,True,True,2023
2079,4352223,2023-11-06,1/8,Real Salt Lake,6606,Houston Dynamo FC,8259,True,True,2023
2080,4352225,2023-11-07,1/8,Atlanta United,773958,Columbus Crew,6001,True,True,2023
2081,4352227,2023-11-07,1/8,Nashville SC,915807,Orlando City,267810,True,True,2023
2082,4352230,2023-11-08,1/8,New England Revolution,6580,Philadelphia Union,191716,True,True,2023
2083,4358198,2023-11-10,1/8,Seattle Sounders FC,130394,FC Dallas,6399,True,True,2023
2084,4359174,2023-11-11,1/8,Houston Dynamo FC,8259,Real Salt Lake,6606,True,True,2023
2085,4359665,2023-11-12,1/8,Columbus Crew,6001,Atlanta United,773958,True,True,2023
2086,4362916,2023-11-25,1/4,Orlando City,267810,Columbus Crew,6001,True,True,2023
2087,4360754,2023-11-25,1/4,FC Cincinnati,722265,Philadelphia Union,191716,True,True,2023
2088,4362361,2023-11-26,1/4,Houston Dynamo FC,8259,Sporting Kansas City,6604,True,True,2023
2089,4361952,2023-11-26,1/4,Seattle Sounders FC,130394,Los Angeles FC,867280,True,True,2023
2090,4370351,2023-12-02,1/2,FC Cincinnati,722265,Columbus Crew,6001,True,True,2023
2091,4370350,2023-12-02,1/2,Los Angeles FC,867280,Houston Dynamo FC,8259,True,True,2023
2092,4370352,2023-12-09,final,Columbus Crew,6001,Los Angeles FC,867280,True,True,2023
2093,3787303,2022-02-26,,Philadelphia Union,191716,Minnesota United,207242,True,True,2022
2094,3787426,2022-02-26,,Columbus Crew,6001,Vancouver Whitecaps,307691,True,True,2022
2095,3787290,2022-02-26,,Los Angeles FC,867280,Colorado Rapids,8314,True,True,2022
2096,3787425,2022-02-26,,FC Dallas,6399,Toronto FC,56453,True,True,2022
2097,3787289,2022-02-26,,Austin FC,1218886,FC Cincinnati,722265,True,True,2022
2098,3787288,2022-02-26,,DC United,6602,Charlotte FC,1323940,True,True,2022
2099,3787287,2022-02-26,,Inter Miami CF,960720,Chicago Fire FC,6397,True,True,2022
2100,3787286,2022-02-26,,San Jose Earthquakes,6603,Red Bull New York,6514,True,True,2022
2101,3787285,2022-02-26,,Portland Timbers,307690,New England Revolution,6580,True,True,2022
2102,3787424,2022-02-27,,Orlando City,267810,CF Montreal,161195,True,True,2022
2103,3787284,2022-02-27,,Atlanta United,773958,Sporting Kansas City,6604,True,True,2022
2104,3787283,2022-02-27,,LA Galaxy,6637,New York City FC,546238,True,True,2022
2105,3787282,2022-02-27,,Houston Dynamo FC,8259,Real Salt Lake,6606,True,True,2022
2106,3787281,2022-02-27,,Seattle Sounders FC,130394,Nashville SC,915807,True,True,2022
2107,3787291,2022-03-05,,New England Revolution,6580,FC Dallas,6399,True,True,2022
2108,3787423,2022-03-05,,Toronto FC,56453,Red Bull New York,6514,True,True,2022
2109,3787292,2022-03-05,,Sporting Kansas City,6604,Houston Dynamo FC,8259,True,True,2022
2110,3787422,2022-03-05,,CF Montreal,161195,Philadelphia Union,191716,True,True,2022
2111,3787302,2022-03-05,,San Jose Earthquakes,6603,Columbus Crew,6001,True,True,2022
2112,3787301,2022-03-05,,Chicago Fire FC,6397,Orlando City,267810,True,True,2022
2113,3787299,2022-03-05,,Colorado Rapids,8314,Atlanta United,773958,True,True,2022
2114,3787300,2022-03-05,,FC Cincinnati,722265,DC United,6602,True,True,2022
2115,3787298,2022-03-05,,Minnesota United,207242,Nashville SC,915807,True,True,2022
2116,3787297,2022-03-05,,Real Salt Lake,6606,Seattle Sounders FC,130394,True,True,2022
2117,3787421,2022-03-05,,Vancouver Whitecaps,307691,New York City FC,546238,True,True,2022
2118,3787296,2022-03-05,,Charlotte FC,1323940,LA Galaxy,6637,True,True,2022
2119,3787295,2022-03-06,,Austin FC,1218886,Inter Miami CF,960720,True,True,2022
2120,3787294,2022-03-06,,Los Angeles FC,867280,Portland Timbers,307690,True,True,2022
2121,3787409,2022-03-12,,New York City FC,546238,CF Montreal,161195,True,True,2022
2122,3787451,2022-03-12,,Columbus Crew,6001,Toronto FC,56453,True,True,2022
2123,3787293,2022-03-12,,Inter Miami CF,960720,Los Angeles FC,867280,True,True,2022
2124,3787280,2022-03-12,,Seattle Sounders FC,130394,LA Galaxy,6637,True,True,2022
2125,3787452,2022-03-12,,Houston Dynamo FC,8259,Vancouver Whitecaps,307691,True,True,2022
2126,3787279,2022-03-12,,DC United,6602,Chicago Fire FC,6397,True,True,2022
2127,3787266,2022-03-12,,New England Revolution,6580,Real Salt Lake,6606,True,True,2022
2128,3787265,2022-03-12,,Orlando City,267810,FC Cincinnati,722265,True,True,2022
2129,3787264,2022-03-12,,Philadelphia Union,191716,San Jose Earthquakes,6603,True,True,2022
2130,3787263,2022-03-12,,FC Dallas,6399,Nashville SC,915807,True,True,2022
2131,3787262,2022-03-12,,Colorado Rapids,8314,Sporting Kansas City,6604,True,True,2022
2132,3787261,2022-03-12,,Portland Timbers,307690,Austin FC,1218886,True,True,2022
2133,3787259,2022-03-13,,Atlanta United,773958,Charlotte FC,1323940,True,True,2022
2134,3787260,2022-03-13,,Red Bull New York,6514,Minnesota United,207242,True,True,2022
2135,3787258,2022-03-19,,FC Cincinnati,722265,Inter Miami CF,960720,True,True,2022
2136,3787257,2022-03-19,,New York City FC,546238,Philadelphia Union,191716,True,True,2022
2137,3787453,2022-03-19,,Toronto FC,56453,DC United,6602,True,True,2022
2138,3787267,2022-03-19,,LA Galaxy,6637,Orlando City,267810,True,True,2022
2139,3787454,2022-03-19,,Atlanta United,773958,CF Montreal,161195,True,True,2022
2140,3787268,2022-03-19,,Chicago Fire FC,6397,Sporting Kansas City,6604,True,True,2022
2141,3787278,2022-03-19,,Charlotte FC,1323940,New England Revolution,6580,True,True,2022
2142,3787277,2022-03-19,,Minnesota United,207242,San Jose Earthquakes,6603,True,True,2022
2143,3787276,2022-03-19,,FC Dallas,6399,Portland Timbers,307690,True,True,2022
2144,3787275,2022-03-19,,Houston Dynamo FC,8259,Colorado Rapids,8314,True,True,2022
2145,3787274,2022-03-19,,Real Salt Lake,6606,Nashville SC,915807,True,True,2022
2146,3787273,2022-03-20,,Red Bull New York,6514,Columbus Crew,6001,True,True,2022
2147,3787272,2022-03-20,,Austin FC,1218886,Seattle Sounders FC,130394,True,True,2022
2148,3787455,2022-03-20,,Los Angeles FC,867280,Vancouver Whitecaps,307691,True,True,2022
2149,3787271,2022-03-26,,Charlotte FC,1323940,FC Cincinnati,722265,True,True,2022
2150,3787270,2022-03-26,,Sporting Kansas City,6604,Real Salt Lake,6606,True,True,2022
2151,3787269,2022-03-27,,Portland Timbers,307690,Orlando City,267810,True,True,2022
2152,3787256,2022-04-02,,Chicago Fire FC,6397,FC Dallas,6399,True,True,2022
2153,3787456,2022-04-02,,FC Cincinnati,722265,CF Montreal,161195,True,True,2022
2154,3787474,2022-04-02,,Toronto FC,56453,New York City FC,546238,True,True,2022
2155,3787304,2022-04-02,,Columbus Crew,6001,Nashville SC,915807,True,True,2022
2156,3787305,2022-04-02,,DC United,6602,Atlanta United,773958,True,True,2022
2157,3787306,2022-04-02,,New England Revolution,6580,Red Bull New York,6514,True,True,2022
2158,3787322,2022-04-02,,Orlando City,267810,Los Angeles FC,867280,True,True,2022
2159,3787323,2022-04-02,,Philadelphia Union,191716,Charlotte FC,1323940,True,True,2022
2160,3787324,2022-04-02,,San Jose Earthquakes,6603,Austin FC,1218886,True,True,2022
2161,3787325,2022-04-02,,Inter Miami CF,960720,Houston Dynamo FC,8259,True,True,2022
2162,3787326,2022-04-02,,Minnesota United,207242,Seattle Sounders FC,130394,True,True,2022
2163,3787475,2022-04-02,,Vancouver Whitecaps,307691,Sporting Kansas City,6604,True,True,2022
2164,3787327,2022-04-02,,Colorado Rapids,8314,Real Salt Lake,6606,True,True,2022
2165,3787328,2022-04-03,,Portland Timbers,307690,LA Galaxy,6637,True,True,2022
2166,3787329,2022-04-09,,Orlando City,267810,Chicago Fire FC,6397,True,True,2022
2167,3787331,2022-04-09,,Inter Miami CF,960720,New England Revolution,6580,True,True,2022
2168,3787476,2022-04-09,,Red Bull New York,6514,CF Montreal,161195,True,True,2022
2169,3787333,2022-04-09,,Philadelphia Union,191716,Columbus Crew,6001,True,True,2022
2170,3787334,2022-04-09,,LA Galaxy,6637,Los Angeles FC,867280,True,True,2022
2171,3787477,2022-04-09,,Real Salt Lake,6606,Toronto FC,56453,True,True,2022
2172,3787321,2022-04-09,,FC Dallas,6399,Colorado Rapids,8314,True,True,2022
2173,3787320,2022-04-09,,Houston Dynamo FC,8259,San Jose Earthquakes,6603,True,True,2022
2174,3787307,2022-04-09,,Sporting Kansas City,6604,Nashville SC,915807,True,True,2022
2175,3787478,2022-04-09,,Vancouver Whitecaps,307691,Portland Timbers,307690,True,True,2022
2176,3787330,2022-04-10,,Charlotte FC,1323940,Atlanta United,773958,True,True,2022
2177,3787309,2022-04-10,,Austin FC,1218886,Minnesota United,207242,True,True,2022
2178,3787479,2022-04-16,,CF Montreal,161195,Vancouver Whitecaps,307691,True,True,2022
2179,3787310,2022-04-16,,San Jose Earthquakes,6603,Nashville SC,915807,True,True,2022
2180,3787311,2022-04-16,,Atlanta United,773958,FC Cincinnati,722265,True,True,2022
2181,3787312,2022-04-16,,Houston Dynamo FC,8259,Portland Timbers,307690,True,True,2022
2182,3787313,2022-04-16,,Red Bull New York,6514,FC Dallas,6399,True,True,2022
2183,3787314,2022-04-16,,Columbus Crew,6001,Orlando City,267810,True,True,2022
2184,3787315,2022-04-16,,DC United,6602,Austin FC,1218886,True,True,2022
2185,3787316,2022-04-16,,New England Revolution,6580,Charlotte FC,1323940,True,True,2022
2186,3787480,2022-04-16,,Toronto FC,56453,Philadelphia Union,191716,True,True,2022
2187,3787317,2022-04-16,,Chicago Fire FC,6397,LA Galaxy,6637,True,True,2022
2188,3787318,2022-04-16,,Minnesota United,207242,Colorado Rapids,8314,True,True,2022
2189,3787319,2022-04-16,,Seattle Sounders FC,130394,Inter Miami CF,960720,True,True,2022
2190,3787335,2022-04-17,,New York City FC,546238,Real Salt Lake,6606,True,True,2022
2191,3787336,2022-04-17,,Los Angeles FC,867280,Sporting Kansas City,6604,True,True,2022
2192,3787347,2022-04-23,,FC Dallas,6399,Houston Dynamo FC,8259,True,True,2022
2193,3787481,2022-04-23,,Philadelphia Union,191716,CF Montreal,161195,True,True,2022
2194,3787348,2022-04-23,,Minnesota United,207242,Chicago Fire FC,6397,True,True,2022
2195,3787349,2022-04-23,,DC United,6602,New England Revolution,6580,True,True,2022
2196,3787482,2022-04-23,,Austin FC,1218886,Vancouver Whitecaps,307691,True,True,2022
2197,3787350,2022-04-23,,Sporting Kansas City,6604,Columbus Crew,6001,True,True,2022
2198,3787351,2022-04-23,,Colorado Rapids,8314,Charlotte FC,1323940,True,True,2022
2199,3787352,2022-04-23,,Portland Timbers,307690,Real Salt Lake,6606,True,True,2022
2200,3787354,2022-04-23,,San Jose Earthquakes,6603,Seattle Sounders FC,130394,True,True,2022
2201,3787353,2022-04-23,,LA Galaxy,6637,Nashville SC,915807,True,True,2022
2202,3787346,2022-04-24,,Inter Miami CF,960720,Atlanta United,773958,True,True,2022
2203,3787345,2022-04-24,,Orlando City,267810,Red Bull New York,6514,True,True,2022
2204,3787337,2022-04-24,,FC Cincinnati,722265,Los Angeles FC,867280,True,True,2022
2205,3787483,2022-04-24,,New York City FC,546238,Toronto FC,56453,True,True,2022
2206,3787339,2022-04-30,,Houston Dynamo FC,8259,Austin FC,1218886,True,True,2022
2207,3787484,2022-04-30,,Toronto FC,56453,FC Cincinnati,722265,True,True,2022
2208,3787340,2022-04-30,,Real Salt Lake,6606,LA Galaxy,6637,True,True,2022
2209,3787485,2022-04-30,,CF Montreal,161195,Atlanta United,773958,True,True,2022
2210,3787341,2022-04-30,,Columbus Crew,6001,DC United,6602,True,True,2022
2211,3787338,2022-04-30,,New England Revolution,6580,Inter Miami CF,960720,True,True,2022
2212,3787342,2022-04-30,,Orlando City,267810,Charlotte FC,1323940,True,True,2022
2213,3787343,2022-04-30,,Chicago Fire FC,6397,Red Bull New York,6514,True,True,2022
2214,3787344,2022-04-30,,Sporting Kansas City,6604,FC Dallas,6399,True,True,2022
2215,3787355,2022-04-30,,Colorado Rapids,8314,Portland Timbers,307690,True,True,2022
2216,3787356,2022-05-01,,New York City FC,546238,San Jose Earthquakes,6603,True,True,2022
2217,3787366,2022-05-01,,Nashville SC,915807,Philadelphia Union,191716,True,True,2022
2218,3787367,2022-05-01,,Los Angeles FC,867280,Minnesota United,207242,True,True,2022
2219,3787458,2022-05-04,,FC Cincinnati,722265,Toronto FC,56453,True,True,2022
2220,3787369,2022-05-07,,Charlotte FC,1323940,Inter Miami CF,960720,True,True,2022
2221,3787487,2022-05-07,,CF Montreal,161195,Orlando City,267810,True,True,2022
2222,3787370,2022-05-07,,Atlanta United,773958,Chicago Fire FC,6397,True,True,2022
2223,3787365,2022-05-07,,New York City FC,546238,Sporting Kansas City,6604,True,True,2022
2224,3787371,2022-05-07,,Red Bull New York,6514,Portland Timbers,307690,True,True,2022
2225,3787364,2022-05-07,,DC United,6602,Houston Dynamo FC,8259,True,True,2022
2226,3787363,2022-05-07,,New England Revolution,6580,Columbus Crew,6001,True,True,2022
2227,3787362,2022-05-07,,Minnesota United,207242,FC Cincinnati,722265,True,True,2022
2228,3787361,2022-05-07,,FC Dallas,6399,Seattle Sounders FC,130394,True,True,2022
2229,3787368,2022-05-07,,San Jose Earthquakes,6603,Colorado Rapids,8314,True,True,2022
2230,3787360,2022-05-07,,Los Angeles FC,867280,Philadelphia Union,191716,True,True,2022
2231,3787473,2022-05-08,,Vancouver Whitecaps,307691,Toronto FC,56453,True,True,2022
2232,3787359,2022-05-08,,Nashville SC,915807,Real Salt Lake,6606,True,True,2022
2233,3787358,2022-05-08,,Austin FC,1218886,LA Galaxy,6637,True,True,2022
2234,3787472,2022-05-14,,Toronto FC,56453,Orlando City,267810,True,True,2022
2235,3787357,2022-05-14,,Colorado Rapids,8314,Los Angeles FC,867280,True,True,2022
2236,3787471,2022-05-14,,Charlotte FC,1323940,CF Montreal,161195,True,True,2022
2237,3787405,2022-05-14,,New York City FC,546238,Columbus Crew,6001,True,True,2022
2238,3787457,2022-05-14,,Vancouver Whitecaps,307691,San Jose Earthquakes,6603,True,True,2022
2239,3787390,2022-05-14,,Philadelphia Union,191716,Red Bull New York,6514,True,True,2022
2240,3787391,2022-05-14,,Chicago Fire FC,6397,FC Cincinnati,722265,True,True,2022
2241,3787392,2022-05-14,,Inter Miami CF,960720,DC United,6602,True,True,2022
2242,3787393,2022-05-14,,Houston Dynamo FC,8259,Nashville SC,915807,True,True,2022
2243,3787394,2022-05-14,,Real Salt Lake,6606,Austin FC,1218886,True,True,2022
2244,3787395,2022-05-14,,Portland Timbers,307690,Sporting Kansas City,6604,True,True,2022
2245,3787396,2022-05-14,,LA Galaxy,6637,FC Dallas,6399,True,True,2022
2246,3787397,2022-05-15,,Atlanta United,773958,New England Revolution,6580,True,True,2022
2247,3787398,2022-05-15,,Seattle Sounders FC,130394,Minnesota United,207242,True,True,2022
2248,3787399,2022-05-18,,DC United,6602,New York City FC,546238,True,True,2022
2249,3787401,2022-05-18,,Philadelphia Union,191716,Inter Miami CF,960720,True,True,2022
2250,3787400,2022-05-18,,Red Bull New York,6514,Chicago Fire FC,6397,True,True,2022
2251,3787402,2022-05-18,,Minnesota United,207242,LA Galaxy,6637,True,True,2022
2252,3787403,2022-05-18,,Houston Dynamo FC,8259,Seattle Sounders FC,130394,True,True,2022
2253,3787459,2022-05-18,,Nashville SC,915807,CF Montreal,161195,True,True,2022
2254,3787404,2022-05-18,,Sporting Kansas City,6604,Colorado Rapids,8314,True,True,2022
2255,3787460,2022-05-18,,Vancouver Whitecaps,307691,FC Dallas,6399,True,True,2022
2256,3787389,2022-05-18,,Los Angeles FC,867280,Austin FC,1218886,True,True,2022
2257,3787388,2022-05-18,,San Jose Earthquakes,6603,Portland Timbers,307690,True,True,2022
2258,3787378,2022-05-21,,Columbus Crew,6001,Los Angeles FC,867280,True,True,2022
2259,3787377,2022-05-21,,FC Cincinnati,722265,New England Revolution,6580,True,True,2022
2260,3787461,2022-05-21,,DC United,6602,Toronto FC,56453,True,True,2022
2261,3787376,2022-05-21,,Nashville SC,915807,Atlanta United,773958,True,True,2022
2262,3787462,2022-05-22,,CF Montreal,161195,Real Salt Lake,6606,True,True,2022
2263,3787463,2022-05-22,,Charlotte FC,1323940,Vancouver Whitecaps,307691,True,True,2022
2264,3787375,2022-05-22,,New York City FC,546238,Chicago Fire FC,6397,True,True,2022
2265,3787374,2022-05-22,,Inter Miami CF,960720,Red Bull New York,6514,True,True,2022
2266,3787373,2022-05-22,,FC Dallas,6399,Minnesota United,207242,True,True,2022
2267,3787372,2022-05-22,,San Jose Earthquakes,6603,Sporting Kansas City,6604,True,True,2022
2268,3787379,2022-05-22,,Austin FC,1218886,Orlando City,267810,True,True,2022
2269,3787380,2022-05-22,,Colorado Rapids,8314,Seattle Sounders FC,130394,True,True,2022
2270,3787381,2022-05-22,,LA Galaxy,6637,Houston Dynamo FC,8259,True,True,2022
2271,3787382,2022-05-22,,Portland Timbers,307690,Philadelphia Union,191716,True,True,2022
2272,3787383,2022-05-28,,Los Angeles FC,867280,San Jose Earthquakes,6603,True,True,2022
2273,3787384,2022-05-28,,Atlanta United,773958,Columbus Crew,6001,True,True,2022
2274,3787385,2022-05-28,,Red Bull New York,6514,DC United,6602,True,True,2022
2275,3787464,2022-05-28,,Toronto FC,56453,Chicago Fire FC,6397,True,True,2022
2276,3787465,2022-05-28,,CF Montreal,161195,FC Cincinnati,722265,True,True,2022
2277,3787386,2022-05-28,,New England Revolution,6580,Philadelphia Union,191716,True,True,2022
2278,3787387,2022-05-28,,Orlando City,267810,FC Dallas,6399,True,True,2022
2279,3787406,2022-05-28,,Inter Miami CF,960720,Portland Timbers,307690,True,True,2022
2280,3787407,2022-05-28,,Minnesota United,207242,New York City FC,546238,True,True,2022
2281,3787408,2022-05-28,,Colorado Rapids,8314,Nashville SC,915807,True,True,2022
2282,3787466,2022-05-28,,Sporting Kansas City,6604,Vancouver Whitecaps,307691,True,True,2022
2283,3787450,2022-05-28,,Real Salt Lake,6606,Houston Dynamo FC,8259,True,True,2022
2284,3787438,2022-05-29,,LA Galaxy,6637,Austin FC,1218886,True,True,2022
2285,3787437,2022-05-29,,Seattle Sounders FC,130394,Charlotte FC,1323940,True,True,2022
2286,3787467,2022-06-04,,Vancouver Whitecaps,307691,Real Salt Lake,6606,True,True,2022
2287,3787436,2022-06-11,,Charlotte FC,1323940,Red Bull New York,6514,True,True,2022
2288,3787435,2022-06-11,,Nashville SC,915807,San Jose Earthquakes,6603,True,True,2022
2289,3787434,2022-06-12,,Sporting Kansas City,6604,New England Revolution,6580,True,True,2022
2290,3787486,2022-06-14,,Seattle Sounders FC,130394,Vancouver Whitecaps,307691,True,True,2022
2291,3787428,2022-06-15,,New England Revolution,6580,Orlando City,267810,True,True,2022
2292,3787433,2022-06-18,,Seattle Sounders FC,130394,Los Angeles FC,867280,True,True,2022
2293,3787432,2022-06-18,,LA Galaxy,6637,Portland Timbers,307690,True,True,2022
2294,3787468,2022-06-18,,Red Bull New York,6514,Toronto FC,56453,True,True,2022
2295,3787469,2022-06-18,,CF Montreal,161195,Austin FC,1218886,True,True,2022
2296,3787431,2022-06-18,,Columbus Crew,6001,Charlotte FC,1323940,True,True,2022
2297,3787440,2022-06-18,,Orlando City,267810,Houston Dynamo FC,8259,True,True,2022
2298,3787441,2022-06-18,,Philadelphia Union,191716,FC Cincinnati,722265,True,True,2022
2299,3787449,2022-06-18,,Chicago Fire FC,6397,DC United,6602,True,True,2022
2300,3787470,2022-06-18,,FC Dallas,6399,Vancouver Whitecaps,307691,True,True,2022
2301,3787448,2022-06-18,,Real Salt Lake,6606,San Jose Earthquakes,6603,True,True,2022
2302,3787447,2022-06-19,,Atlanta United,773958,Inter Miami CF,960720,True,True,2022
2303,3787439,2022-06-19,,New England Revolution,6580,Minnesota United,207242,True,True,2022
2304,3787446,2022-06-19,,New York City FC,546238,Colorado Rapids,8314,True,True,2022
2305,3787445,2022-06-19,,Nashville SC,915807,Sporting Kansas City,6604,True,True,2022
2306,3787444,2022-06-24,,FC Cincinnati,722265,Orlando City,267810,True,True,2022
2307,3787443,2022-06-25,,Seattle Sounders FC,130394,Sporting Kansas City,6604,True,True,2022
2308,3787442,2022-06-25,,DC United,6602,Nashville SC,915807,True,True,2022
2309,3787488,2022-06-25,,CF Montreal,161195,Charlotte FC,1323940,True,True,2022
2310,3787489,2022-06-25,,Toronto FC,56453,Atlanta United,773958,True,True,2022
2311,3787430,2022-06-25,,Houston Dynamo FC,8259,Chicago Fire FC,6397,True,True,2022
2312,3787429,2022-06-25,,Inter Miami CF,960720,Minnesota United,207242,True,True,2022
2313,3787417,2022-06-25,,Austin FC,1218886,FC Dallas,6399,True,True,2022
2314,3787416,2022-06-25,,Real Salt Lake,6606,Columbus Crew,6001,True,True,2022
2315,3787414,2022-06-25,,Portland Timbers,307690,Colorado Rapids,8314,True,True,2022
2316,3787413,2022-06-26,,Los Angeles FC,867280,Red Bull New York,6514,True,True,2022
2317,3787412,2022-06-26,,Philadelphia Union,191716,New York City FC,546238,True,True,2022
2318,3787504,2022-06-26,,Vancouver Whitecaps,307691,New England Revolution,6580,True,True,2022
2319,3787411,2022-06-29,,FC Cincinnati,722265,New York City FC,546238,True,True,2022
2320,3787503,2022-06-29,,Toronto FC,56453,Columbus Crew,6001,True,True,2022
2321,3787410,2022-06-29,,Chicago Fire FC,6397,Philadelphia Union,191716,True,True,2022
2322,3787502,2022-06-29,,Seattle Sounders FC,130394,CF Montreal,161195,True,True,2022
2323,3787561,2022-06-29,,LA Galaxy,6637,Minnesota United,207242,True,True,2022
2324,3787418,2022-06-29,,Los Angeles FC,867280,FC Dallas,6399,True,True,2022
2325,3787419,2022-06-29,,Portland Timbers,307690,Houston Dynamo FC,8259,True,True,2022
2326,3787420,2022-06-30,,Charlotte FC,1323940,Austin FC,1218886,True,True,2022
2327,3787427,2022-06-30,,Red Bull New York,6514,Atlanta United,773958,True,True,2022
2328,3787501,2022-07-02,,Toronto FC,56453,Seattle Sounders FC,130394,True,True,2022
2329,3787664,2022-07-02,,Vancouver Whitecaps,307691,Los Angeles FC,867280,True,True,2022
2330,3787499,2022-07-03,,New York City FC,546238,Atlanta United,773958,True,True,2022
2331,3787498,2022-07-03,,Columbus Crew,6001,Philadelphia Union,191716,True,True,2022
2332,3787497,2022-07-03,,New England Revolution,6580,FC Cincinnati,722265,True,True,2022
2333,3787500,2022-07-03,,Minnesota United,207242,Real Salt Lake,6606,True,True,2022
2334,3787496,2022-07-03,,Sporting Kansas City,6604,Red Bull New York,6514,True,True,2022
2335,3787495,2022-07-03,,Houston Dynamo FC,8259,Charlotte FC,1323940,True,True,2022
2336,3787494,2022-07-03,,Nashville SC,915807,Portland Timbers,307690,True,True,2022
2337,3787493,2022-07-03,,San Jose Earthquakes,6603,Chicago Fire FC,6397,True,True,2022
2338,3787492,2022-07-04,,Orlando City,267810,DC United,6602,True,True,2022
2339,3787491,2022-07-04,,Colorado Rapids,8314,Austin FC,1218886,True,True,2022
2340,3787490,2022-07-04,,FC Dallas,6399,Inter Miami CF,960720,True,True,2022
2341,3787665,2022-07-04,,LA Galaxy,6637,CF Montreal,161195,True,True,2022
2342,3787505,2022-07-08,,Philadelphia Union,191716,DC United,6602,True,True,2022
2343,3787506,2022-07-08,,Los Angeles FC,867280,LA Galaxy,6637,True,True,2022
2344,3787666,2022-07-08,,Vancouver Whitecaps,307691,Minnesota United,207242,True,True,2022
2345,3787519,2022-07-09,,New York City FC,546238,New England Revolution,6580,True,True,2022
2346,3787520,2022-07-09,,Seattle Sounders FC,130394,Portland Timbers,307690,True,True,2022
2347,3787521,2022-07-09,,Atlanta United,773958,Austin FC,1218886,True,True,2022
2348,3787667,2022-07-09,,CF Montreal,161195,Sporting Kansas City,6604,True,True,2022
2349,3787522,2022-07-09,,Charlotte FC,1323940,Nashville SC,915807,True,True,2022
2350,3787668,2022-07-09,,Toronto FC,56453,San Jose Earthquakes,6603,True,True,2022
2351,3787523,2022-07-09,,FC Cincinnati,722265,Red Bull New York,6514,True,True,2022
2352,3787524,2022-07-09,,Orlando City,267810,Inter Miami CF,960720,True,True,2022
2353,3787525,2022-07-09,,Chicago Fire FC,6397,Columbus Crew,6001,True,True,2022
2354,3787526,2022-07-09,,Houston Dynamo FC,8259,FC Dallas,6399,True,True,2022
2355,3787527,2022-07-09,,Real Salt Lake,6606,Colorado Rapids,8314,True,True,2022
2356,3787528,2022-07-12,,Austin FC,1218886,Houston Dynamo FC,8259,True,True,2022
2357,3787518,2022-07-13,,Atlanta United,773958,Real Salt Lake,6606,True,True,2022
2358,3787669,2022-07-13,,Chicago Fire FC,6397,Toronto FC,56453,True,True,2022
2359,3787517,2022-07-13,,DC United,6602,Columbus Crew,6001,True,True,2022
2360,3787670,2022-07-13,,FC Cincinnati,722265,Vancouver Whitecaps,307691,True,True,2022
2361,3787507,2022-07-13,,Inter Miami CF,960720,Philadelphia Union,191716,True,True,2022
2362,3787508,2022-07-13,,Minnesota United,207242,Sporting Kansas City,6604,True,True,2022
2363,3787509,2022-07-13,,Nashville SC,915807,Seattle Sounders FC,130394,True,True,2022
2364,3787510,2022-07-13,,Colorado Rapids,8314,Orlando City,267810,True,True,2022
2365,3787511,2022-07-13,,FC Dallas,6399,New York City FC,546238,True,True,2022
2366,3787512,2022-07-13,,LA Galaxy,6637,San Jose Earthquakes,6603,True,True,2022
2367,3787671,2022-07-16,,CF Montreal,161195,Toronto FC,56453,True,True,2022
2368,3787513,2022-07-16,,Philadelphia Union,191716,New England Revolution,6580,True,True,2022
2369,3787514,2022-07-16,,Chicago Fire FC,6397,Seattle Sounders FC,130394,True,True,2022
2370,3787515,2022-07-16,,Inter Miami CF,960720,Charlotte FC,1323940,True,True,2022
2371,3787516,2022-07-16,,Minnesota United,207242,DC United,6602,True,True,2022
2372,3787529,2022-07-16,,Colorado Rapids,8314,LA Galaxy,6637,True,True,2022
2373,3787530,2022-07-16,,FC Dallas,6399,Austin FC,1218886,True,True,2022
2374,3787544,2022-07-17,,Atlanta United,773958,Orlando City,267810,True,True,2022
2375,3787545,2022-07-17,,Red Bull New York,6514,New York City FC,546238,True,True,2022
2376,3787546,2022-07-17,,Columbus Crew,6001,FC Cincinnati,722265,True,True,2022
2377,3787547,2022-07-17,,Nashville SC,915807,Los Angeles FC,867280,True,True,2022
2378,3787548,2022-07-17,,Real Salt Lake,6606,Sporting Kansas City,6604,True,True,2022
2379,3787549,2022-07-17,,San Jose Earthquakes,6603,Houston Dynamo FC,8259,True,True,2022
2380,3787672,2022-07-17,,Portland Timbers,307690,Vancouver Whitecaps,307691,True,True,2022
2381,3787550,2022-07-23,,New York City FC,546238,Inter Miami CF,960720,True,True,2022
2382,3787552,2022-07-23,,Columbus Crew,6001,New England Revolution,6580,True,True,2022
2383,3787551,2022-07-23,,FC Cincinnati,722265,Nashville SC,915807,True,True,2022
2384,3787553,2022-07-23,,Orlando City,267810,Philadelphia Union,191716,True,True,2022
2385,3787673,2022-07-23,,Toronto FC,56453,Charlotte FC,1323940,True,True,2022
2386,3787656,2022-07-23,,DC United,6602,CF Montreal,161195,True,True,2022
2387,3787554,2022-07-23,,Houston Dynamo FC,8259,Minnesota United,207242,True,True,2022
2388,3787543,2022-07-23,,Sporting Kansas City,6604,Los Angeles FC,867280,True,True,2022
2389,3787542,2022-07-23,,Real Salt Lake,6606,FC Dallas,6399,True,True,2022
2390,3787531,2022-07-23,,Seattle Sounders FC,130394,Colorado Rapids,8314,True,True,2022
2391,3787704,2022-07-23,,Vancouver Whitecaps,307691,Chicago Fire FC,6397,True,True,2022
2392,3787532,2022-07-23,,Portland Timbers,307690,San Jose Earthquakes,6603,True,True,2022
2393,3787533,2022-07-24,,Austin FC,1218886,Red Bull New York,6514,True,True,2022
2394,3787534,2022-07-24,,LA Galaxy,6637,Atlanta United,773958,True,True,2022
2395,3787535,2022-07-29,,Los Angeles FC,867280,Seattle Sounders FC,130394,True,True,2022
2396,3787537,2022-07-30,,Minnesota United,207242,Portland Timbers,307690,True,True,2022
2397,3787538,2022-07-30,,Chicago Fire FC,6397,Atlanta United,773958,True,True,2022
2398,3787703,2022-07-30,,CF Montreal,161195,New York City FC,546238,True,True,2022
2399,3787541,2022-07-30,,Philadelphia Union,191716,Houston Dynamo FC,8259,True,True,2022
2400,3787555,2022-07-30,,Inter Miami CF,960720,FC Cincinnati,722265,True,True,2022
2401,3787702,2022-07-30,,Nashville SC,915807,Vancouver Whitecaps,307691,True,True,2022
2402,3787701,2022-07-30,,New England Revolution,6580,Toronto FC,56453,True,True,2022
2403,3787556,2022-07-30,,Sporting Kansas City,6604,Austin FC,1218886,True,True,2022
2404,3787565,2022-07-30,,FC Dallas,6399,LA Galaxy,6637,True,True,2022
2405,3787536,2022-07-30,,San Jose Earthquakes,6603,Real Salt Lake,6606,True,True,2022
2406,3787564,2022-07-31,,DC United,6602,Orlando City,267810,True,True,2022
2407,3787540,2022-08-02,,Red Bull New York,6514,Colorado Rapids,8314,True,True,2022
2408,3787563,2022-08-02,,Seattle Sounders FC,130394,FC Dallas,6399,True,True,2022
2409,3787562,2022-08-03,,Charlotte FC,1323940,DC United,6602,True,True,2022
2410,3787700,2022-08-03,,Columbus Crew,6001,CF Montreal,161195,True,True,2022
2411,3787560,2022-08-03,,Portland Timbers,307690,Nashville SC,915807,True,True,2022
2412,3787559,2022-08-03,,San Jose Earthquakes,6603,Inter Miami CF,960720,True,True,2022
2413,3787699,2022-08-05,,Vancouver Whitecaps,307691,Houston Dynamo FC,8259,True,True,2022
2414,3787558,2022-08-06,,Atlanta United,773958,Seattle Sounders FC,130394,True,True,2022
2415,3787557,2022-08-06,,Charlotte FC,1323940,Chicago Fire FC,6397,True,True,2022
2416,3787698,2022-08-06,,CF Montreal,161195,Inter Miami CF,960720,True,True,2022
2417,3787567,2022-08-06,,Columbus Crew,6001,New York City FC,546238,True,True,2022
2418,3787588,2022-08-06,,DC United,6602,Red Bull New York,6514,True,True,2022
2419,3787566,2022-08-06,,FC Cincinnati,722265,Philadelphia Union,191716,True,True,2022
2420,3787589,2022-08-06,,Orlando City,267810,New England Revolution,6580,True,True,2022
2421,3787697,2022-08-06,,Nashville SC,915807,Toronto FC,56453,True,True,2022
2422,3787590,2022-08-06,,Sporting Kansas City,6604,LA Galaxy,6637,True,True,2022
2423,3787591,2022-08-06,,Austin FC,1218886,San Jose Earthquakes,6603,True,True,2022
2424,3787592,2022-08-06,,Colorado Rapids,8314,Minnesota United,207242,True,True,2022
2425,3787593,2022-08-06,,Real Salt Lake,6606,Los Angeles FC,867280,True,True,2022
2426,3787594,2022-08-06,,Portland Timbers,307690,FC Dallas,6399,True,True,2022
2427,3787595,2022-08-13,,Red Bull New York,6514,Orlando City,267810,True,True,2022
2428,3787596,2022-08-13,,FC Cincinnati,722265,Atlanta United,773958,True,True,2022
2429,3787597,2022-08-13,,New England Revolution,6580,DC United,6602,True,True,2022
2430,3787598,2022-08-13,,Philadelphia Union,191716,Chicago Fire FC,6397,True,True,2022
2431,3787696,2022-08-13,,Toronto FC,56453,Portland Timbers,307690,True,True,2022
2432,3787599,2022-08-13,,Inter Miami CF,960720,New York City FC,546238,True,True,2022
2433,3787600,2022-08-13,,Austin FC,1218886,Sporting Kansas City,6604,True,True,2022
2434,3787601,2022-08-13,,Colorado Rapids,8314,Columbus Crew,6001,True,True,2022
2435,3787602,2022-08-13,,FC Dallas,6399,San Jose Earthquakes,6603,True,True,2022
2436,3787695,2022-08-13,,Houston Dynamo FC,8259,CF Montreal,161195,True,True,2022
2437,3787705,2022-08-13,,LA Galaxy,6637,Vancouver Whitecaps,307691,True,True,2022
2438,3787603,2022-08-13,,Los Angeles FC,867280,Charlotte FC,1323940,True,True,2022
2439,3787604,2022-08-14,,Nashville SC,915807,Minnesota United,207242,True,True,2022
2440,3787587,2022-08-14,,Seattle Sounders FC,130394,Real Salt Lake,6606,True,True,2022
2441,3787569,2022-08-16,,Los Angeles FC,867280,DC United,6602,True,True,2022
2442,3787585,2022-08-17,,Atlanta United,773958,Red Bull New York,6514,True,True,2022
2443,3787721,2022-08-17,,Toronto FC,56453,New England Revolution,6580,True,True,2022
2444,3787586,2022-08-17,,New York City FC,546238,Charlotte FC,1323940,True,True,2022
2445,3787568,2022-08-17,,FC Dallas,6399,Philadelphia Union,191716,True,True,2022
2446,3787722,2022-08-17,,Vancouver Whitecaps,307691,Colorado Rapids,8314,True,True,2022
2447,3787570,2022-08-19,,LA Galaxy,6637,Seattle Sounders FC,130394,True,True,2022
2448,3787571,2022-08-20,,Red Bull New York,6514,FC Cincinnati,722265,True,True,2022
2449,3787723,2022-08-20,,CF Montreal,161195,New England Revolution,6580,True,True,2022
2450,3787572,2022-08-20,,DC United,6602,Philadelphia Union,191716,True,True,2022
2451,3787724,2022-08-20,,Inter Miami CF,960720,Toronto FC,56453,True,True,2022
2452,3787573,2022-08-20,,Minnesota United,207242,Austin FC,1218886,True,True,2022
2453,3787574,2022-08-20,,Colorado Rapids,8314,Houston Dynamo FC,8259,True,True,2022
2454,3787725,2022-08-20,,Real Salt Lake,6606,Vancouver Whitecaps,307691,True,True,2022
2455,3787575,2022-08-20,,San Jose Earthquakes,6603,Los Angeles FC,867280,True,True,2022
2456,3787577,2022-08-21,,Columbus Crew,6001,Atlanta United,773958,True,True,2022
2457,3787576,2022-08-21,,Chicago Fire FC,6397,New York City FC,546238,True,True,2022
2458,3787578,2022-08-21,,Charlotte FC,1323940,Orlando City,267810,True,True,2022
2459,3787579,2022-08-21,,Sporting Kansas City,6604,Portland Timbers,307690,True,True,2022
2460,3787580,2022-08-21,,Nashville SC,915807,FC Dallas,6399,True,True,2022
2461,3787581,2022-08-26,,Austin FC,1218886,Los Angeles FC,867280,True,True,2022
2462,3787582,2022-08-26,,Portland Timbers,307690,Seattle Sounders FC,130394,True,True,2022
2463,3787583,2022-08-27,,Minnesota United,207242,Houston Dynamo FC,8259,True,True,2022
2464,3787728,2022-08-27,,Charlotte FC,1323940,Toronto FC,56453,True,True,2022
2465,3787584,2022-08-27,,Red Bull New York,6514,Inter Miami CF,960720,True,True,2022
2466,3787605,2022-08-27,,FC Cincinnati,722265,Columbus Crew,6001,True,True,2022
2467,3787606,2022-08-27,,Philadelphia Union,191716,Colorado Rapids,8314,True,True,2022
2468,3787727,2022-08-27,,Chicago Fire FC,6397,CF Montreal,161195,True,True,2022
2469,3787607,2022-08-27,,Sporting Kansas City,6604,San Jose Earthquakes,6603,True,True,2022
2470,3787608,2022-08-27,,FC Dallas,6399,Real Salt Lake,6606,True,True,2022
2471,3787726,2022-08-27,,Vancouver Whitecaps,307691,Nashville SC,915807,True,True,2022
2472,3787609,2022-08-28,,Atlanta United,773958,DC United,6602,True,True,2022
2473,3787655,2022-08-28,,Orlando City,267810,New York City FC,546238,True,True,2022
2474,3787642,2022-08-28,,New England Revolution,6580,LA Galaxy,6637,True,True,2022
2475,3787638,2022-08-31,,Philadelphia Union,191716,Atlanta United,773958,True,True,2022
2476,3787729,2022-08-31,,CF Montreal,161195,Red Bull New York,6514,True,True,2022
2477,3787641,2022-08-31,,Columbus Crew,6001,Inter Miami CF,960720,True,True,2022
2478,3787640,2022-08-31,,New England Revolution,6580,Chicago Fire FC,6397,True,True,2022
2479,3787639,2022-08-31,,Orlando City,267810,Seattle Sounders FC,130394,True,True,2022
2480,3787730,2022-08-31,,Toronto FC,56453,LA Galaxy,6637,True,True,2022
2481,3787332,2022-08-31,,New York City FC,546238,DC United,6602,True,True,2022
2482,3787637,2022-08-31,,Houston Dynamo FC,8259,Los Angeles FC,867280,True,True,2022
2483,3787636,2022-08-31,,Nashville SC,915807,Colorado Rapids,8314,True,True,2022
2484,3787635,2022-08-31,,Austin FC,1218886,Portland Timbers,307690,True,True,2022
2485,3787634,2022-08-31,,Real Salt Lake,6606,Minnesota United,207242,True,True,2022
2486,3787643,2022-09-03,,Minnesota United,207242,FC Dallas,6399,True,True,2022
2487,3787654,2022-09-03,,Columbus Crew,6001,Chicago Fire FC,6397,True,True,2022
2488,3787644,2022-09-03,,Red Bull New York,6514,Philadelphia Union,191716,True,True,2022
2489,3787645,2022-09-03,,FC Cincinnati,722265,Charlotte FC,1323940,True,True,2022
2490,3787652,2022-09-03,,Nashville SC,915807,Austin FC,1218886,True,True,2022
2491,3787651,2022-09-04,,Portland Timbers,307690,Atlanta United,773958,True,True,2022
2492,3787653,2022-09-04,,DC United,6602,Colorado Rapids,8314,True,True,2022
2493,3787731,2022-09-04,,Toronto FC,56453,CF Montreal,161195,True,True,2022
2494,3787650,2022-09-04,,LA Galaxy,6637,Sporting Kansas City,6604,True,True,2022
2495,3787648,2022-09-04,,New England Revolution,6580,New York City FC,546238,True,True,2022
2496,3787647,2022-09-04,,Seattle Sounders FC,130394,Houston Dynamo FC,8259,True,True,2022
2497,3787732,2022-09-04,,San Jose Earthquakes,6603,Vancouver Whitecaps,307691,True,True,2022
2498,3787646,2022-09-04,,Los Angeles FC,867280,Real Salt Lake,6606,True,True,2022
2499,3787633,2022-09-07,,New York City FC,546238,FC Cincinnati,722265,True,True,2022
2500,3787720,2022-09-09,,CF Montreal,161195,Columbus Crew,6001,True,True,2022
2501,3787618,2022-09-10,,Charlotte FC,1323940,New York City FC,546238,True,True,2022
2502,3787619,2022-09-10,,Nashville SC,915807,LA Galaxy,6637,True,True,2022
2503,3787632,2022-09-10,,Red Bull New York,6514,New England Revolution,6580,True,True,2022
2504,3787719,2022-09-10,,Atlanta United,773958,Toronto FC,56453,True,True,2022
2505,3787617,2022-09-10,,FC Cincinnati,722265,San Jose Earthquakes,6603,True,True,2022
2506,3787616,2022-09-10,,Philadelphia Union,191716,Orlando City,267810,True,True,2022
2507,3787615,2022-09-10,,Chicago Fire FC,6397,Inter Miami CF,960720,True,True,2022
2508,3787614,2022-09-10,,Seattle Sounders FC,130394,Austin FC,1218886,True,True,2022
2509,3787613,2022-09-10,,FC Dallas,6399,Los Angeles FC,867280,True,True,2022
2510,3787612,2022-09-10,,Houston Dynamo FC,8259,Sporting Kansas City,6604,True,True,2022
2511,3787718,2022-09-10,,Colorado Rapids,8314,Vancouver Whitecaps,307691,True,True,2022
2512,3787611,2022-09-10,,Real Salt Lake,6606,DC United,6602,True,True,2022
2513,3787610,2022-09-10,,Portland Timbers,307690,Minnesota United,207242,True,True,2022
2514,3787707,2022-09-13,,CF Montreal,161195,Chicago Fire FC,6397,True,True,2022
2515,3787620,2022-09-13,,Inter Miami CF,960720,Columbus Crew,6001,True,True,2022
2516,3787621,2022-09-13,,Minnesota United,207242,Los Angeles FC,867280,True,True,2022
2517,3787629,2022-09-13,,Houston Dynamo FC,8259,New England Revolution,6580,True,True,2022
2518,3787631,2022-09-13,,Sporting Kansas City,6604,DC United,6602,True,True,2022
2519,3787628,2022-09-14,,Orlando City,267810,Atlanta United,773958,True,True,2022
2520,3787630,2022-09-14,,Austin FC,1218886,Real Salt Lake,6606,True,True,2022
2521,3787627,2022-09-14,,Colorado Rapids,8314,San Jose Earthquakes,6603,True,True,2022
2522,3787708,2022-09-14,,Vancouver Whitecaps,307691,LA Galaxy,6637,True,True,2022
2523,3787626,2022-09-17,,New York City FC,546238,Red Bull New York,6514,True,True,2022
2524,3787624,2022-09-17,,Atlanta United,773958,Philadelphia Union,191716,True,True,2022
2525,3787709,2022-09-17,,New England Revolution,6580,CF Montreal,161195,True,True,2022
2526,3787710,2022-09-17,,Orlando City,267810,Toronto FC,56453,True,True,2022
2527,3787623,2022-09-17,,Chicago Fire FC,6397,Charlotte FC,1323940,True,True,2022
2528,3787622,2022-09-17,,Sporting Kansas City,6604,Minnesota United,207242,True,True,2022
2529,3787684,2022-09-17,,Austin FC,1218886,Nashville SC,915807,True,True,2022
2530,3787683,2022-09-17,,Real Salt Lake,6606,FC Cincinnati,722265,True,True,2022
2531,3787711,2022-09-17,,Vancouver Whitecaps,307691,Seattle Sounders FC,130394,True,True,2022
2532,3787682,2022-09-17,,LA Galaxy,6637,Colorado Rapids,8314,True,True,2022
2533,3787625,2022-09-17,,San Jose Earthquakes,6603,FC Dallas,6399,True,True,2022
2534,3787681,2022-09-18,,Columbus Crew,6001,Portland Timbers,307690,True,True,2022
2535,3787680,2022-09-18,,DC United,6602,Inter Miami CF,960720,True,True,2022
2536,3787679,2022-09-18,,Los Angeles FC,867280,Houston Dynamo FC,8259,True,True,2022
2537,3787415,2022-09-24,,San Jose Earthquakes,6603,LA Galaxy,6637,True,True,2022
2538,3787308,2022-09-27,,Seattle Sounders FC,130394,FC Cincinnati,722265,True,True,2022
2539,3787712,2022-09-30,,Toronto FC,56453,Inter Miami CF,960720,True,True,2022
2540,3787677,2022-10-01,,New England Revolution,6580,Atlanta United,773958,True,True,2022
2541,3787685,2022-10-01,,Colorado Rapids,8314,FC Dallas,6399,True,True,2022
2542,3787686,2022-10-01,,Charlotte FC,1323940,Philadelphia Union,191716,True,True,2022
2543,3787713,2022-10-01,,CF Montreal,161195,DC United,6602,True,True,2022
2544,3787692,2022-10-01,,Columbus Crew,6001,Red Bull New York,6514,True,True,2022
2545,3787693,2022-10-01,,FC Cincinnati,722265,Chicago Fire FC,6397,True,True,2022
2546,3787678,2022-10-01,,San Jose Earthquakes,6603,Minnesota United,207242,True,True,2022
2547,3787714,2022-10-01,,Vancouver Whitecaps,307691,Austin FC,1218886,True,True,2022
2548,3787691,2022-10-01,,LA Galaxy,6637,Real Salt Lake,6606,True,True,2022
2549,3787694,2022-10-02,,New York City FC,546238,Orlando City,267810,True,True,2022
2550,3787690,2022-10-02,,Portland Timbers,307690,Los Angeles FC,867280,True,True,2022
2551,3787689,2022-10-02,,Sporting Kansas City,6604,Seattle Sounders FC,130394,True,True,2022
2552,3787688,2022-10-02,,Nashville SC,915807,Houston Dynamo FC,8259,True,True,2022
2553,3787539,2022-10-05,,Charlotte FC,1323940,Columbus Crew,6001,True,True,2022
2554,3787649,2022-10-05,,Inter Miami CF,960720,Orlando City,267810,True,True,2022
2555,3787687,2022-10-09,,Atlanta United,773958,New York City FC,546238,True,True,2022
2556,3787676,2022-10-09,,Chicago Fire FC,6397,New England Revolution,6580,True,True,2022
2557,3787675,2022-10-09,,DC United,6602,FC Cincinnati,722265,True,True,2022
2558,3787715,2022-10-09,,Inter Miami CF,960720,CF Montreal,161195,True,True,2022
2559,3787657,2022-10-09,,Orlando City,267810,Columbus Crew,6001,True,True,2022
2560,3787716,2022-10-09,,Philadelphia Union,191716,Toronto FC,56453,True,True,2022
2561,3787674,2022-10-09,,Red Bull New York,6514,Charlotte FC,1323940,True,True,2022
2562,3787658,2022-10-09,,Austin FC,1218886,Colorado Rapids,8314,True,True,2022
2563,3787659,2022-10-09,,FC Dallas,6399,Sporting Kansas City,6604,True,True,2022
2564,3787660,2022-10-09,,Houston Dynamo FC,8259,LA Galaxy,6637,True,True,2022
2565,3787661,2022-10-09,,Los Angeles FC,867280,Nashville SC,915807,True,True,2022
2566,3787717,2022-10-09,,Minnesota United,207242,Vancouver Whitecaps,307691,True,True,2022
2567,3787662,2022-10-09,,Real Salt Lake,6606,Portland Timbers,307690,True,True,2022
2568,3787663,2022-10-09,,Seattle Sounders FC,130394,San Jose Earthquakes,6603,True,True,2022
2569,4044407,2022-10-15,1/8,Red Bull New York,6514,FC Cincinnati,722265,True,True,2022
2570,4044408,2022-10-15,1/8,LA Galaxy,6637,Nashville SC,915807,True,True,2022
2571,4044409,2022-10-16,1/8,Austin FC,1218886,Real Salt Lake,6606,True,True,2022
2572,4044410,2022-10-16,1/8,CF Montreal,161195,Orlando City,267810,True,True,2022
2573,4044411,2022-10-17,1/8,New York City FC,546238,Inter Miami CF,960720,True,True,2022
2574,4044412,2022-10-17,1/8,FC Dallas,6399,Minnesota United,207242,True,True,2022
2575,4044413,2022-10-20,1/4,Philadelphia Union,191716,FC Cincinnati,722265,True,True,2022
2576,4044415,2022-10-20,1/4,Los Angeles FC,867280,LA Galaxy,6637,True,True,2022
2577,4044414,2022-10-23,1/4,CF Montreal,161195,New York City FC,546238,True,True,2022
2578,4044416,2022-10-23,1/4,Austin FC,1218886,FC Dallas,6399,True,True,2022
2579,4050323,2022-10-30,1/2,Los Angeles FC,867280,Austin FC,1218886,True,True,2022
2580,4050324,2022-10-30,1/2,Philadelphia Union,191716,New York City FC,546238,True,True,2022
2581,4050325,2022-11-05,final,Los Angeles FC,867280,Philadelphia Union,191716,True,True,2022
2582,3552855,2021-04-16,,Houston Dynamo FC,8259,San Jose Earthquakes,6603,True,True,2021
2583,3552864,2021-04-16,,Seattle Sounders FC,130394,Minnesota United,207242,True,True,2021
2584,3552879,2021-04-17,,CF Montreal,161195,Toronto FC,56453,True,True,2021
2585,3552862,2021-04-17,,Orlando City,267810,Atlanta United,773958,True,True,2021
2586,3552861,2021-04-17,,Los Angeles FC,867280,Austin FC,1218886,True,True,2021
2587,3552859,2021-04-17,,DC United,6602,New York City FC,546238,True,True,2021
2588,3552860,2021-04-17,,FC Dallas,6399,Colorado Rapids,8314,True,True,2021
2589,3552863,2021-04-17,,Red Bull New York,6514,Sporting Kansas City,6604,True,True,2021
2590,3552857,2021-04-17,,Chicago Fire FC,6397,New England Revolution,6580,True,True,2021
2591,3552858,2021-04-17,,Nashville SC,915807,FC Cincinnati,722265,True,True,2021
2592,3552856,2021-04-18,,Inter Miami CF,960720,LA Galaxy,6637,True,True,2021
2593,3552865,2021-04-18,,Columbus Crew,6001,Philadelphia Union,191716,True,True,2021
2594,3552880,2021-04-18,,Vancouver Whitecaps,307691,Portland Timbers,307690,True,True,2021
2595,3552866,2021-04-23,,Sporting Kansas City,6604,Orlando City,267810,True,True,2021
2596,3552875,2021-04-24,,New York City FC,546238,FC Cincinnati,722265,True,True,2021
2597,3561649,2021-04-24,,Nashville SC,915807,CF Montreal,161195,True,True,2021
2598,3552881,2021-04-24,,Toronto FC,56453,Vancouver Whitecaps,307691,True,True,2021
2599,3552874,2021-04-24,,San Jose Earthquakes,6603,FC Dallas,6399,True,True,2021
2600,3561581,2021-04-24,,Los Angeles FC,867280,Seattle Sounders FC,130394,True,True,2021
2601,3552873,2021-04-24,,Atlanta United,773958,Chicago Fire FC,6397,True,True,2021
2602,3552872,2021-04-24,,Minnesota United,207242,Real Salt Lake,6606,True,True,2021
2603,3552871,2021-04-24,,New England Revolution,6580,DC United,6602,True,True,2021
2604,3552870,2021-04-24,,Philadelphia Union,191716,Inter Miami CF,960720,True,True,2021
2605,3552869,2021-04-24,,Colorado Rapids,8314,Austin FC,1218886,True,True,2021
2606,3552868,2021-04-24,,Portland Timbers,307690,Houston Dynamo FC,8259,True,True,2021
2607,3552867,2021-04-25,,LA Galaxy,6637,Red Bull New York,6514,True,True,2021
2608,3561582,2021-05-01,,Red Bull New York,6514,Chicago Fire FC,6397,True,True,2021
2609,3552876,2021-05-01,,Real Salt Lake,6606,Sporting Kansas City,6604,True,True,2021
2610,3561650,2021-05-01,,CF Montreal,161195,Columbus Crew,6001,True,True,2021
2611,3561583,2021-05-01,,Houston Dynamo FC,8259,Los Angeles FC,867280,True,True,2021
2612,3561584,2021-05-01,,New England Revolution,6580,Atlanta United,773958,True,True,2021
2613,3561586,2021-05-01,,Orlando City,267810,FC Cincinnati,722265,True,True,2021
2614,3561585,2021-05-01,,Philadelphia Union,191716,New York City FC,546238,True,True,2021
2615,3561587,2021-05-01,,FC Dallas,6399,Portland Timbers,307690,True,True,2021
2616,3561588,2021-05-01,,Minnesota United,207242,Austin FC,1218886,True,True,2021
2617,3561589,2021-05-01,,San Jose Earthquakes,6603,DC United,6602,True,True,2021
2618,3561590,2021-05-02,,Nashville SC,915807,Inter Miami CF,960720,True,True,2021
2619,3561591,2021-05-02,,Seattle Sounders FC,130394,LA Galaxy,6637,True,True,2021
2620,3561651,2021-05-02,,Vancouver Whitecaps,307691,Colorado Rapids,8314,True,True,2021
2621,3561592,2021-05-07,,Real Salt Lake,6606,San Jose Earthquakes,6603,True,True,2021
2622,3561593,2021-05-08,,Chicago Fire FC,6397,Philadelphia Union,191716,True,True,2021
2623,3561652,2021-05-08,,Red Bull New York,6514,Toronto FC,56453,True,True,2021
2624,3561594,2021-05-08,,Columbus Crew,6001,DC United,6602,True,True,2021
2625,3561600,2021-05-08,,Nashville SC,915807,New England Revolution,6580,True,True,2021
2626,3561653,2021-05-08,,Vancouver Whitecaps,307691,CF Montreal,161195,True,True,2021
2627,3561595,2021-05-08,,FC Dallas,6399,Houston Dynamo FC,8259,True,True,2021
2628,3561596,2021-05-08,,Orlando City,267810,New York City FC,546238,True,True,2021
2629,3561597,2021-05-08,,LA Galaxy,6637,Los Angeles FC,867280,True,True,2021
2630,3561598,2021-05-08,,Colorado Rapids,8314,Minnesota United,207242,True,True,2021
2631,3561599,2021-05-09,,Inter Miami CF,960720,Atlanta United,773958,True,True,2021
2632,3561601,2021-05-09,,Portland Timbers,307690,Seattle Sounders FC,130394,True,True,2021
2633,3561602,2021-05-09,,Sporting Kansas City,6604,Austin FC,1218886,True,True,2021
2634,3561655,2021-05-12,,Toronto FC,56453,Columbus Crew,6001,True,True,2021
2635,3561654,2021-05-12,,Inter Miami CF,960720,CF Montreal,161195,True,True,2021
2636,3561603,2021-05-12,,Philadelphia Union,191716,New England Revolution,6580,True,True,2021
2637,3561604,2021-05-12,,Houston Dynamo FC,8259,Sporting Kansas City,6604,True,True,2021
2638,3561656,2021-05-12,,Minnesota United,207242,Vancouver Whitecaps,307691,True,True,2021
2639,3561605,2021-05-12,,San Jose Earthquakes,6603,Seattle Sounders FC,130394,True,True,2021
2640,3561606,2021-05-13,,DC United,6602,Chicago Fire FC,6397,True,True,2021
2641,3561657,2021-05-15,,New York City FC,546238,Toronto FC,56453,True,True,2021
2642,3561607,2021-05-15,,LA Galaxy,6637,Austin FC,1218886,True,True,2021
2643,3561658,2021-05-15,,Atlanta United,773958,CF Montreal,161195,True,True,2021
2644,3561608,2021-05-15,,Philadelphia Union,191716,Red Bull New York,6514,True,True,2021
2645,3561609,2021-05-15,,Minnesota United,207242,FC Dallas,6399,True,True,2021
2646,3561610,2021-05-15,,Colorado Rapids,8314,Houston Dynamo FC,8259,True,True,2021
2647,3561611,2021-05-15,,Real Salt Lake,6606,Nashville SC,915807,True,True,2021
2648,3561612,2021-05-15,,San Jose Earthquakes,6603,Portland Timbers,307690,True,True,2021
2649,3561659,2021-05-16,,Sporting Kansas City,6604,Vancouver Whitecaps,307691,True,True,2021
2650,3552877,2021-05-16,,FC Cincinnati,722265,Inter Miami CF,960720,True,True,2021
2651,3562009,2021-05-16,,New England Revolution,6580,Columbus Crew,6001,True,True,2021
2652,3562010,2021-05-16,,DC United,6602,Orlando City,267810,True,True,2021
2653,3562011,2021-05-16,,Seattle Sounders FC,130394,Los Angeles FC,867280,True,True,2021
2654,3561660,2021-05-22,,CF Montreal,161195,FC Cincinnati,722265,True,True,2021
2655,3561613,2021-05-22,,Portland Timbers,307690,LA Galaxy,6637,True,True,2021
2656,3561614,2021-05-22,,Chicago Fire FC,6397,Inter Miami CF,960720,True,True,2021
2657,3561661,2021-05-22,,Orlando City,267810,Toronto FC,56453,True,True,2021
2658,3561615,2021-05-22,,New York City FC,546238,Columbus Crew,6001,True,True,2021
2659,3561616,2021-05-22,,FC Dallas,6399,Real Salt Lake,6606,True,True,2021
2660,3561617,2021-05-22,,New England Revolution,6580,Red Bull New York,6514,True,True,2021
2661,3561662,2021-05-22,,Houston Dynamo FC,8259,Vancouver Whitecaps,307691,True,True,2021
2662,3561618,2021-05-22,,San Jose Earthquakes,6603,Sporting Kansas City,6604,True,True,2021
2663,3561619,2021-05-22,,Los Angeles FC,867280,Colorado Rapids,8314,True,True,2021
2664,3561620,2021-05-23,,Seattle Sounders FC,130394,Atlanta United,773958,True,True,2021
2665,3561621,2021-05-23,,DC United,6602,Philadelphia Union,191716,True,True,2021
2666,3561622,2021-05-23,,Nashville SC,915807,Austin FC,1218886,True,True,2021
2667,3561663,2021-05-29,,Chicago Fire FC,6397,CF Montreal,161195,True,True,2021
2668,3561624,2021-05-29,,Red Bull New York,6514,Orlando City,267810,True,True,2021
2669,3561664,2021-05-29,,Columbus Crew,6001,Toronto FC,56453,True,True,2021
2670,3561625,2021-05-29,,FC Cincinnati,722265,New England Revolution,6580,True,True,2021
2671,3561626,2021-05-29,,Atlanta United,773958,Nashville SC,915807,True,True,2021
2672,3561628,2021-05-29,,Los Angeles FC,867280,New York City FC,546238,True,True,2021
2673,3561629,2021-05-29,,LA Galaxy,6637,San Jose Earthquakes,6603,True,True,2021
2674,3561623,2021-05-29,,Inter Miami CF,960720,DC United,6602,True,True,2021
2675,3561630,2021-05-29,,Sporting Kansas City,6604,Houston Dynamo FC,8259,True,True,2021
2676,3561631,2021-05-29,,Colorado Rapids,8314,FC Dallas,6399,True,True,2021
2677,3561632,2021-05-29,,Real Salt Lake,6606,Minnesota United,207242,True,True,2021
2678,3561633,2021-05-30,,Philadelphia Union,191716,Portland Timbers,307690,True,True,2021
2679,3561627,2021-05-30,,Seattle Sounders FC,130394,Austin FC,1218886,True,True,2021
2680,3561705,2021-06-12,,Sporting Kansas City,6604,Austin FC,1218886,True,True,2021
2681,3561634,2021-06-18,,Red Bull New York,6514,Nashville SC,915807,True,True,2021
2682,3561665,2021-06-18,,Real Salt Lake,6606,Vancouver Whitecaps,307691,True,True,2021
2683,3561635,2021-06-19,,Columbus Crew,6001,Chicago Fire FC,6397,True,True,2021
2684,3561636,2021-06-19,,FC Cincinnati,722265,Colorado Rapids,8314,True,True,2021
2685,3561643,2021-06-19,,New York City FC,546238,New England Revolution,6580,True,True,2021
2686,3561666,2021-06-19,,Toronto FC,56453,Orlando City,267810,True,True,2021
2687,3561637,2021-06-19,,DC United,6602,Inter Miami CF,960720,True,True,2021
2688,3561638,2021-06-19,,FC Dallas,6399,Minnesota United,207242,True,True,2021
2689,3552878,2021-06-19,,Austin FC,1218886,San Jose Earthquakes,6603,True,True,2021
2690,3561639,2021-06-19,,LA Galaxy,6637,Seattle Sounders FC,130394,True,True,2021
2691,3561640,2021-06-19,,Portland Timbers,307690,Sporting Kansas City,6604,True,True,2021
2692,3561641,2021-06-19,,Los Angeles FC,867280,Houston Dynamo FC,8259,True,True,2021
2693,3561642,2021-06-20,,Atlanta United,773958,Philadelphia Union,191716,True,True,2021
2694,3561644,2021-06-22,,Orlando City,267810,San Jose Earthquakes,6603,True,True,2021
2695,3561645,2021-06-23,,New England Revolution,6580,Red Bull New York,6514,True,True,2021
2696,3561647,2021-06-23,,New York City FC,546238,Atlanta United,773958,True,True,2021
2697,3561646,2021-06-23,,Philadelphia Union,191716,Columbus Crew,6001,True,True,2021
2698,3561731,2021-06-23,,CF Montreal,161195,DC United,6602,True,True,2021
2699,3561648,2021-06-23,,Chicago Fire FC,6397,FC Cincinnati,722265,True,True,2021
2700,3561667,2021-06-23,,Minnesota United,207242,Austin FC,1218886,True,True,2021
2701,3561668,2021-06-23,,Houston Dynamo FC,8259,Portland Timbers,307690,True,True,2021
2702,3561732,2021-06-23,,Nashville SC,915807,Toronto FC,56453,True,True,2021
2703,3561669,2021-06-23,,Sporting Kansas City,6604,Colorado Rapids,8314,True,True,2021
2704,3561670,2021-06-23,,Seattle Sounders FC,130394,Real Salt Lake,6606,True,True,2021
2705,3561671,2021-06-23,,Los Angeles FC,867280,FC Dallas,6399,True,True,2021
2706,3561733,2021-06-23,,Vancouver Whitecaps,307691,LA Galaxy,6637,True,True,2021
2707,3561672,2021-06-25,,Inter Miami CF,960720,Orlando City,267810,True,True,2021
2708,3561673,2021-06-26,,Sporting Kansas City,6604,Los Angeles FC,867280,True,True,2021
2709,3561734,2021-06-26,,Toronto FC,56453,FC Cincinnati,722265,True,True,2021
2710,3561674,2021-06-26,,Chicago Fire FC,6397,Philadelphia Union,191716,True,True,2021
2711,3561675,2021-06-26,,Real Salt Lake,6606,Houston Dynamo FC,8259,True,True,2021
2712,3561735,2021-06-26,,Nashville SC,915807,CF Montreal,161195,True,True,2021
2713,3561736,2021-06-26,,Seattle Sounders FC,130394,Vancouver Whitecaps,307691,True,True,2021
2714,3561676,2021-06-26,,San Jose Earthquakes,6603,LA Galaxy,6637,True,True,2021
2715,3561677,2021-06-26,,Portland Timbers,307690,Minnesota United,207242,True,True,2021
2716,3561678,2021-06-27,,Atlanta United,773958,Red Bull New York,6514,True,True,2021
2717,3561679,2021-06-27,,New York City FC,546238,DC United,6602,True,True,2021
2718,3561680,2021-06-27,,Austin FC,1218886,Columbus Crew,6001,True,True,2021
2719,3561681,2021-06-27,,FC Dallas,6399,New England Revolution,6580,True,True,2021
2720,3561687,2021-07-01,,Austin FC,1218886,Portland Timbers,307690,True,True,2021
2721,3561682,2021-07-03,,Columbus Crew,6001,New England Revolution,6580,True,True,2021
2722,3561737,2021-07-03,,DC United,6602,Toronto FC,56453,True,True,2021
2723,3561738,2021-07-03,,CF Montreal,161195,Inter Miami CF,960720,True,True,2021
2724,3561683,2021-07-03,,Orlando City,267810,Red Bull New York,6514,True,True,2021
2725,3561684,2021-07-03,,Chicago Fire FC,6397,Atlanta United,773958,True,True,2021
2726,3561685,2021-07-03,,Minnesota United,207242,San Jose Earthquakes,6603,True,True,2021
2727,3561691,2021-07-03,,Nashville SC,915807,Philadelphia Union,191716,True,True,2021
2728,3561686,2021-07-03,,Houston Dynamo FC,8259,FC Cincinnati,722265,True,True,2021
2729,3561688,2021-07-03,,Real Salt Lake,6606,Los Angeles FC,867280,True,True,2021
2730,3561739,2021-07-04,,FC Dallas,6399,Vancouver Whitecaps,307691,True,True,2021
2731,3561689,2021-07-04,,Colorado Rapids,8314,Seattle Sounders FC,130394,True,True,2021
2732,3561690,2021-07-04,,LA Galaxy,6637,Sporting Kansas City,6604,True,True,2021
2733,3561740,2021-07-07,,New England Revolution,6580,Toronto FC,56453,True,True,2021
2734,3561741,2021-07-07,,CF Montreal,161195,New York City FC,546238,True,True,2021
2735,3561693,2021-07-07,,Chicago Fire FC,6397,Orlando City,267810,True,True,2021
2736,3561695,2021-07-07,,Austin FC,1218886,Los Angeles FC,867280,True,True,2021
2737,3561696,2021-07-07,,Colorado Rapids,8314,Minnesota United,207242,True,True,2021
2738,3561694,2021-07-07,,Seattle Sounders FC,130394,Houston Dynamo FC,8259,True,True,2021
2739,3561742,2021-07-07,,Vancouver Whitecaps,307691,Real Salt Lake,6606,True,True,2021
2740,3561697,2021-07-07,,LA Galaxy,6637,FC Dallas,6399,True,True,2021
2741,3561698,2021-07-08,,Red Bull New York,6514,Philadelphia Union,191716,True,True,2021
2742,3561699,2021-07-08,,Nashville SC,915807,Atlanta United,773958,True,True,2021
2743,3561692,2021-07-09,,FC Cincinnati,722265,Columbus Crew,6001,True,True,2021
2744,3561700,2021-07-17,,Atlanta United,773958,New England Revolution,6580,True,True,2021
2745,3561743,2021-07-17,,CF Montreal,161195,FC Cincinnati,722265,True,True,2021
2746,3561702,2021-07-17,,Columbus Crew,6001,New York City FC,546238,True,True,2021
2747,3561703,2021-07-17,,Philadelphia Union,191716,DC United,6602,True,True,2021
2748,3561744,2021-07-17,,Toronto FC,56453,Orlando City,267810,True,True,2021
2749,3561704,2021-07-17,,Nashville SC,915807,Chicago Fire FC,6397,True,True,2021
2750,3561706,2021-07-17,,Colorado Rapids,8314,San Jose Earthquakes,6603,True,True,2021
2751,3561745,2021-07-17,,Vancouver Whitecaps,307691,LA Galaxy,6637,True,True,2021
2752,3561707,2021-07-17,,Los Angeles FC,867280,Real Salt Lake,6606,True,True,2021
2753,3561708,2021-07-17,,Portland Timbers,307690,FC Dallas,6399,True,True,2021
2754,3561709,2021-07-18,,Minnesota United,207242,Seattle Sounders FC,130394,True,True,2021
2755,3561748,2021-07-20,,Vancouver Whitecaps,307691,Houston Dynamo FC,8259,True,True,2021
2756,3561712,2021-07-21,,Columbus Crew,6001,Nashville SC,915807,True,True,2021
2757,3561710,2021-07-21,,Inter Miami CF,960720,New England Revolution,6580,True,True,2021
2758,3561747,2021-07-21,,New York City FC,546238,CF Montreal,161195,True,True,2021
2759,3561746,2021-07-21,,Toronto FC,56453,Red Bull New York,6514,True,True,2021
2760,3561713,2021-07-21,,Chicago Fire FC,6397,DC United,6602,True,True,2021
2761,3561711,2021-07-21,,FC Cincinnati,722265,Atlanta United,773958,True,True,2021
2762,3561714,2021-07-21,,Sporting Kansas City,6604,San Jose Earthquakes,6603,True,True,2021
2763,3561715,2021-07-21,,Colorado Rapids,8314,FC Dallas,6399,True,True,2021
2764,3561716,2021-07-21,,Real Salt Lake,6606,LA Galaxy,6637,True,True,2021
2765,3561717,2021-07-21,,Portland Timbers,307690,Los Angeles FC,867280,True,True,2021
2766,3561718,2021-07-22,,Orlando City,267810,Philadelphia Union,191716,True,True,2021
2767,3561719,2021-07-22,,Austin FC,1218886,Seattle Sounders FC,130394,True,True,2021
2768,3561720,2021-07-24,,Atlanta United,773958,Columbus Crew,6001,True,True,2021
2769,3561749,2021-07-24,,Chicago Fire FC,6397,Toronto FC,56453,True,True,2021
2770,3561721,2021-07-24,,Minnesota United,207242,Portland Timbers,307690,True,True,2021
2771,3561722,2021-07-24,,FC Dallas,6399,LA Galaxy,6637,True,True,2021
2772,3561723,2021-07-24,,Nashville SC,915807,FC Cincinnati,722265,True,True,2021
2773,3561724,2021-07-24,,Real Salt Lake,6606,Colorado Rapids,8314,True,True,2021
2774,3561725,2021-07-24,,San Jose Earthquakes,6603,Houston Dynamo FC,8259,True,True,2021
2775,3561750,2021-07-24,,Los Angeles FC,867280,Vancouver Whitecaps,307691,True,True,2021
2776,3561751,2021-07-25,,New England Revolution,6580,CF Montreal,161195,True,True,2021
2777,3561727,2021-07-25,,New York City FC,546238,Orlando City,267810,True,True,2021
2778,3561726,2021-07-25,,Inter Miami CF,960720,Philadelphia Union,191716,True,True,2021
2779,3561728,2021-07-25,,DC United,6602,Red Bull New York,6514,True,True,2021
2780,3561729,2021-07-25,,Seattle Sounders FC,130394,Sporting Kansas City,6604,True,True,2021
2781,3561730,2021-07-28,,Los Angeles FC,867280,Minnesota United,207242,True,True,2021
2782,3561753,2021-07-30,,New York City FC,546238,Columbus Crew,6001,True,True,2021
2783,3561754,2021-07-30,,Orlando City,267810,Atlanta United,773958,True,True,2021
2784,3561755,2021-07-30,,LA Galaxy,6637,Portland Timbers,307690,True,True,2021
2785,3561761,2021-07-31,,Seattle Sounders FC,130394,San Jose Earthquakes,6603,True,True,2021
2786,3561756,2021-07-31,,Red Bull New York,6514,New England Revolution,6580,True,True,2021
2787,3561757,2021-07-31,,FC Cincinnati,722265,DC United,6602,True,True,2021
2788,3561821,2021-07-31,,Inter Miami CF,960720,CF Montreal,161195,True,True,2021
2789,3561758,2021-07-31,,Houston Dynamo FC,8259,Real Salt Lake,6606,True,True,2021
2790,3561759,2021-07-31,,Sporting Kansas City,6604,FC Dallas,6399,True,True,2021
2791,3561760,2021-07-31,,Austin FC,1218886,Colorado Rapids,8314,True,True,2021
2792,3561822,2021-07-31,,Vancouver Whitecaps,307691,Minnesota United,207242,True,True,2021
2793,3561762,2021-08-01,,Philadelphia Union,191716,Chicago Fire FC,6397,True,True,2021
2794,3561823,2021-08-01,,Toronto FC,56453,Nashville SC,915807,True,True,2021
2795,3561764,2021-08-04,,New England Revolution,6580,Nashville SC,915807,True,True,2021
2796,3561824,2021-08-04,,CF Montreal,161195,Atlanta United,773958,True,True,2021
2797,3561765,2021-08-04,,Columbus Crew,6001,DC United,6602,True,True,2021
2798,3561825,2021-08-04,,Philadelphia Union,191716,Toronto FC,56453,True,True,2021
2799,3561767,2021-08-04,,Chicago Fire FC,6397,New York City FC,546238,True,True,2021
2800,3561766,2021-08-04,,Orlando City,267810,Inter Miami CF,960720,True,True,2021
2801,3561763,2021-08-04,,Red Bull New York,6514,FC Cincinnati,722265,True,True,2021
2802,3561769,2021-08-04,,Austin FC,1218886,Houston Dynamo FC,8259,True,True,2021
2803,3561770,2021-08-04,,Seattle Sounders FC,130394,FC Dallas,6399,True,True,2021
2804,3561771,2021-08-04,,LA Galaxy,6637,Real Salt Lake,6606,True,True,2021
2805,3561772,2021-08-04,,Los Angeles FC,867280,Sporting Kansas City,6604,True,True,2021
2806,3561773,2021-08-04,,Portland Timbers,307690,San Jose Earthquakes,6603,True,True,2021
2807,3561774,2021-08-07,,Columbus Crew,6001,Atlanta United,773958,True,True,2021
2808,3561775,2021-08-07,,FC Cincinnati,722265,Orlando City,267810,True,True,2021
2809,3561776,2021-08-07,,Minnesota United,207242,Houston Dynamo FC,8259,True,True,2021
2810,3561826,2021-08-07,,Toronto FC,56453,New York City FC,546238,True,True,2021
2811,3561777,2021-08-07,,FC Dallas,6399,Austin FC,1218886,True,True,2021
2812,3561778,2021-08-07,,Colorado Rapids,8314,Sporting Kansas City,6604,True,True,2021
2813,3561779,2021-08-07,,Portland Timbers,307690,Real Salt Lake,6606,True,True,2021
2814,3561781,2021-08-08,,Chicago Fire FC,6397,Red Bull New York,6514,True,True,2021
2815,3561780,2021-08-08,,Inter Miami CF,960720,Nashville SC,915807,True,True,2021
2816,3561782,2021-08-08,,New England Revolution,6580,Philadelphia Union,191716,True,True,2021
2817,3561783,2021-08-08,,San Jose Earthquakes,6603,Los Angeles FC,867280,True,True,2021
2818,3561827,2021-08-08,,DC United,6602,CF Montreal,161195,True,True,2021
2819,3561828,2021-08-08,,LA Galaxy,6637,Vancouver Whitecaps,307691,True,True,2021
2820,3561829,2021-08-13,,San Jose Earthquakes,6603,Vancouver Whitecaps,307691,True,True,2021
2821,3561785,2021-08-14,,Minnesota United,207242,LA Galaxy,6637,True,True,2021
2822,3561830,2021-08-14,,CF Montreal,161195,Red Bull New York,6514,True,True,2021
2823,3561784,2021-08-14,,New York City FC,546238,Inter Miami CF,960720,True,True,2021
2824,3561831,2021-08-14,,Toronto FC,56453,New England Revolution,6580,True,True,2021
2825,3561788,2021-08-14,,FC Dallas,6399,Sporting Kansas City,6604,True,True,2021
2826,3561789,2021-08-14,,Houston Dynamo FC,8259,Colorado Rapids,8314,True,True,2021
2827,3561790,2021-08-14,,Real Salt Lake,6606,Austin FC,1218886,True,True,2021
2828,3561791,2021-08-15,,Atlanta United,773958,Los Angeles FC,867280,True,True,2021
2829,3561786,2021-08-15,,Chicago Fire FC,6397,Columbus Crew,6001,True,True,2021
2830,3561792,2021-08-15,,Nashville SC,915807,DC United,6602,True,True,2021
2831,3562012,2021-08-15,,Portland Timbers,307690,Seattle Sounders FC,130394,True,True,2021
2832,3561794,2021-08-17,,LA Galaxy,6637,Colorado Rapids,8314,True,True,2021
2833,3561793,2021-08-17,,San Jose Earthquakes,6603,Minnesota United,207242,True,True,2021
2834,3561832,2021-08-18,,Atlanta United,773958,Toronto FC,56453,True,True,2021
2835,3561797,2021-08-18,,New England Revolution,6580,DC United,6602,True,True,2021
2836,3561833,2021-08-18,,FC Cincinnati,722265,CF Montreal,161195,True,True,2021
2837,3561795,2021-08-18,,Inter Miami CF,960720,Chicago Fire FC,6397,True,True,2021
2838,3561798,2021-08-18,,Philadelphia Union,191716,New York City FC,546238,True,True,2021
2839,3561796,2021-08-18,,Red Bull New York,6514,Columbus Crew,6001,True,True,2021
2840,3561799,2021-08-18,,FC Dallas,6399,Seattle Sounders FC,130394,True,True,2021
2841,3561800,2021-08-18,,Nashville SC,915807,Orlando City,267810,True,True,2021
2842,3561801,2021-08-18,,Sporting Kansas City,6604,Portland Timbers,307690,True,True,2021
2843,3561834,2021-08-18,,Austin FC,1218886,Vancouver Whitecaps,307691,True,True,2021
2844,3561802,2021-08-18,,Real Salt Lake,6606,Houston Dynamo FC,8259,True,True,2021
2845,3561803,2021-08-20,,LA Galaxy,6637,San Jose Earthquakes,6603,True,True,2021
2846,3561804,2021-08-21,,Minnesota United,207242,Sporting Kansas City,6604,True,True,2021
2847,3561805,2021-08-21,,Columbus Crew,6001,Seattle Sounders FC,130394,True,True,2021
2848,3561807,2021-08-21,,DC United,6602,Atlanta United,773958,True,True,2021
2849,3561835,2021-08-21,,Inter Miami CF,960720,Toronto FC,56453,True,True,2021
2850,3561808,2021-08-21,,New England Revolution,6580,FC Cincinnati,722265,True,True,2021
2851,3561806,2021-08-21,,Orlando City,267810,Chicago Fire FC,6397,True,True,2021
2852,3561836,2021-08-21,,Philadelphia Union,191716,CF Montreal,161195,True,True,2021
2853,3561810,2021-08-21,,Houston Dynamo FC,8259,FC Dallas,6399,True,True,2021
2854,3561811,2021-08-21,,Austin FC,1218886,Portland Timbers,307690,True,True,2021
2855,3561812,2021-08-21,,Colorado Rapids,8314,Real Salt Lake,6606,True,True,2021
2856,3561837,2021-08-21,,Vancouver Whitecaps,307691,Los Angeles FC,867280,True,True,2021
2857,3561813,2021-08-27,,Columbus Crew,6001,FC Cincinnati,722265,True,True,2021
2858,3561838,2021-08-27,,CF Montreal,161195,Toronto FC,56453,True,True,2021
2859,3561814,2021-08-27,,Orlando City,267810,Inter Miami CF,960720,True,True,2021
2860,3561815,2021-08-28,,Atlanta United,773958,Nashville SC,915807,True,True,2021
2861,3561816,2021-08-28,,Red Bull New York,6514,Chicago Fire FC,6397,True,True,2021
2862,3561819,2021-08-28,,Los Angeles FC,867280,LA Galaxy,6637,True,True,2021
2863,3561817,2021-08-28,,New York City FC,546238,New England Revolution,6580,True,True,2021
2864,3561818,2021-08-28,,DC United,6602,Philadelphia Union,191716,True,True,2021
2865,3561820,2021-08-28,,Houston Dynamo FC,8259,Minnesota United,207242,True,True,2021
2866,3561839,2021-08-28,,Sporting Kansas City,6604,Colorado Rapids,8314,True,True,2021
2867,3561840,2021-08-29,,Austin FC,1218886,FC Dallas,6399,True,True,2021
2868,3561907,2021-08-29,,Vancouver Whitecaps,307691,Real Salt Lake,6606,True,True,2021
2869,3561841,2021-08-29,,Seattle Sounders FC,130394,Portland Timbers,307690,True,True,2021
2870,3561847,2021-09-03,,Nashville SC,915807,New York City FC,546238,True,True,2021
2871,3561862,2021-09-03,,Philadelphia Union,191716,New England Revolution,6580,True,True,2021
2872,3561842,2021-09-03,,Houston Dynamo FC,8259,Portland Timbers,307690,True,True,2021
2873,3561843,2021-09-03,,Los Angeles FC,867280,Sporting Kansas City,6604,True,True,2021
2874,3561752,2021-09-04,,Vancouver Whitecaps,307691,Austin FC,1218886,True,True,2021
2875,3561845,2021-09-04,,Orlando City,267810,Columbus Crew,6001,True,True,2021
2876,3561844,2021-09-04,,FC Cincinnati,722265,Inter Miami CF,960720,True,True,2021
2877,3561846,2021-09-04,,Real Salt Lake,6606,FC Dallas,6399,True,True,2021
2878,3561848,2021-09-04,,San Jose Earthquakes,6603,Colorado Rapids,8314,True,True,2021
2879,3561849,2021-09-10,,Atlanta United,773958,Orlando City,267810,True,True,2021
2880,3561908,2021-09-10,,Vancouver Whitecaps,307691,Portland Timbers,307690,True,True,2021
2881,3561851,2021-09-11,,Colorado Rapids,8314,LA Galaxy,6637,True,True,2021
2882,3561852,2021-09-11,,Seattle Sounders FC,130394,Minnesota United,207242,True,True,2021
2883,3561854,2021-09-11,,New England Revolution,6580,New York City FC,546238,True,True,2021
2884,3561853,2021-09-11,,Red Bull New York,6514,DC United,6602,True,True,2021
2885,3561910,2021-09-11,,CF Montreal,161195,Nashville SC,915807,True,True,2021
2886,3561909,2021-09-11,,FC Cincinnati,722265,Toronto FC,56453,True,True,2021
2887,3561850,2021-09-11,,Inter Miami CF,960720,Columbus Crew,6001,True,True,2021
2888,3561855,2021-09-11,,FC Dallas,6399,San Jose Earthquakes,6603,True,True,2021
2889,3561856,2021-09-11,,Houston Dynamo FC,8259,Austin FC,1218886,True,True,2021
2890,3561857,2021-09-11,,Sporting Kansas City,6604,Chicago Fire FC,6397,True,True,2021
2891,3561858,2021-09-12,,Los Angeles FC,867280,Real Salt Lake,6606,True,True,2021
2892,3561859,2021-09-14,,Columbus Crew,6001,Red Bull New York,6514,True,True,2021
2893,3561860,2021-09-14,,New York City FC,546238,FC Dallas,6399,True,True,2021
2894,3561911,2021-09-14,,Toronto FC,56453,Inter Miami CF,960720,True,True,2021
2895,3561861,2021-09-15,,Atlanta United,773958,FC Cincinnati,722265,True,True,2021
2896,3561863,2021-09-15,,DC United,6602,Chicago Fire FC,6397,True,True,2021
2897,3561912,2021-09-15,,Orlando City,267810,CF Montreal,161195,True,True,2021
2898,3561864,2021-09-15,,Sporting Kansas City,6604,Minnesota United,207242,True,True,2021
2899,3561865,2021-09-15,,Austin FC,1218886,Los Angeles FC,867280,True,True,2021
2900,3561866,2021-09-15,,Portland Timbers,307690,Colorado Rapids,8314,True,True,2021
2901,3561868,2021-09-15,,LA Galaxy,6637,Houston Dynamo FC,8259,True,True,2021
2902,3561867,2021-09-15,,San Jose Earthquakes,6603,Real Salt Lake,6606,True,True,2021
2903,3561869,2021-09-17,,Inter Miami CF,960720,Red Bull New York,6514,True,True,2021
2904,3561870,2021-09-18,,Atlanta United,773958,DC United,6602,True,True,2021
2905,3561871,2021-09-18,,New England Revolution,6580,Columbus Crew,6001,True,True,2021
2906,3561872,2021-09-18,,FC Cincinnati,722265,New York City FC,546238,True,True,2021
2907,3561914,2021-09-18,,Toronto FC,56453,Nashville SC,915807,True,True,2021
2908,3561875,2021-09-18,,Austin FC,1218886,San Jose Earthquakes,6603,True,True,2021
2909,3561873,2021-09-18,,Minnesota United,207242,LA Galaxy,6637,True,True,2021
2910,3561874,2021-09-18,,Houston Dynamo FC,8259,FC Dallas,6399,True,True,2021
2911,3561876,2021-09-18,,Real Salt Lake,6606,Seattle Sounders FC,130394,True,True,2021
2912,3561915,2021-09-19,,CF Montreal,161195,Chicago Fire FC,6397,True,True,2021
2913,3561877,2021-09-19,,Philadelphia Union,191716,Orlando City,267810,True,True,2021
2914,3561878,2021-09-19,,Portland Timbers,307690,Los Angeles FC,867280,True,True,2021
2915,3561916,2021-09-19,,Colorado Rapids,8314,Vancouver Whitecaps,307691,True,True,2021
2916,3561879,2021-09-22,,Inter Miami CF,960720,Nashville SC,915807,True,True,2021
2917,3561974,2021-09-22,,Chicago Fire FC,6397,New England Revolution,6580,True,True,2021
2918,3561809,2021-09-22,,Red Bull New York,6514,New York City FC,546238,True,True,2021
2919,3561880,2021-09-25,,Philadelphia Union,191716,Atlanta United,773958,True,True,2021
2920,3561881,2021-09-25,,New England Revolution,6580,Orlando City,267810,True,True,2021
2921,3561917,2021-09-25,,Columbus Crew,6001,CF Montreal,161195,True,True,2021
2922,3561882,2021-09-25,,DC United,6602,FC Cincinnati,722265,True,True,2021
2923,3561918,2021-09-25,,Colorado Rapids,8314,Toronto FC,56453,True,True,2021
2924,3561884,2021-09-25,,Minnesota United,207242,Houston Dynamo FC,8259,True,True,2021
2925,3561883,2021-09-25,,New York City FC,546238,Red Bull New York,6514,True,True,2021
2926,3561885,2021-09-25,,San Jose Earthquakes,6603,Los Angeles FC,867280,True,True,2021
2927,3561919,2021-09-25,,Vancouver Whitecaps,307691,FC Dallas,6399,True,True,2021
2928,3561886,2021-09-25,,Portland Timbers,307690,Real Salt Lake,6606,True,True,2021
2929,3561888,2021-09-26,,Chicago Fire FC,6397,Nashville SC,915807,True,True,2021
2930,3561889,2021-09-26,,Sporting Kansas City,6604,Seattle Sounders FC,130394,True,True,2021
2931,3561887,2021-09-26,,Austin FC,1218886,LA Galaxy,6637,True,True,2021
2932,3561891,2021-09-29,,Atlanta United,773958,Inter Miami CF,960720,True,True,2021
2933,3561920,2021-09-29,,Toronto FC,56453,FC Cincinnati,722265,True,True,2021
2934,3561921,2021-09-29,,CF Montreal,161195,New England Revolution,6580,True,True,2021
2935,3561893,2021-09-29,,DC United,6602,Minnesota United,207242,True,True,2021
2936,3561890,2021-09-29,,Red Bull New York,6514,Philadelphia Union,191716,True,True,2021
2937,3561892,2021-09-29,,Chicago Fire FC,6397,New York City FC,546238,True,True,2021
2938,3561894,2021-09-29,,FC Dallas,6399,Sporting Kansas City,6604,True,True,2021
2939,3561895,2021-09-29,,Nashville SC,915807,Orlando City,267810,True,True,2021
2940,3561896,2021-09-29,,Colorado Rapids,8314,Austin FC,1218886,True,True,2021
2941,3561922,2021-09-29,,Houston Dynamo FC,8259,Vancouver Whitecaps,307691,True,True,2021
2942,3561897,2021-09-29,,Real Salt Lake,6606,LA Galaxy,6637,True,True,2021
2943,3561898,2021-09-29,,Los Angeles FC,867280,Portland Timbers,307690,True,True,2021
2944,3561899,2021-09-29,,San Jose Earthquakes,6603,Seattle Sounders FC,130394,True,True,2021
2945,3561900,2021-10-02,,Austin FC,1218886,Real Salt Lake,6606,True,True,2021
2946,3561923,2021-10-02,,CF Montreal,161195,Atlanta United,773958,True,True,2021
2947,3561902,2021-10-02,,FC Cincinnati,722265,Red Bull New York,6514,True,True,2021
2948,3561903,2021-10-02,,Orlando City,267810,DC United,6602,True,True,2021
2949,3561904,2021-10-02,,FC Dallas,6399,Minnesota United,207242,True,True,2021
2950,3561924,2021-10-02,,Vancouver Whitecaps,307691,San Jose Earthquakes,6603,True,True,2021
2951,3561926,2021-10-03,,New York City FC,546238,Nashville SC,915807,True,True,2021
2952,3561901,2021-10-03,,Philadelphia Union,191716,Columbus Crew,6001,True,True,2021
2953,3561906,2021-10-03,,Sporting Kansas City,6604,Houston Dynamo FC,8259,True,True,2021
2954,3561925,2021-10-03,,Toronto FC,56453,Chicago Fire FC,6397,True,True,2021
2955,3561905,2021-10-03,,Portland Timbers,307690,Inter Miami CF,960720,True,True,2021
2956,3561927,2021-10-03,,LA Galaxy,6637,Los Angeles FC,867280,True,True,2021
2957,3561928,2021-10-03,,Seattle Sounders FC,130394,Colorado Rapids,8314,True,True,2021
2958,3561701,2021-10-09,,Red Bull New York,6514,Inter Miami CF,960720,True,True,2021
2959,3561787,2021-10-09,,FC Cincinnati,722265,Philadelphia Union,191716,True,True,2021
2960,3561913,2021-10-09,,Seattle Sounders FC,130394,Vancouver Whitecaps,307691,True,True,2021
2961,3561768,2021-10-10,,Minnesota United,207242,Colorado Rapids,8314,True,True,2021
2962,3561991,2021-10-16,,CF Montreal,161195,Philadelphia Union,191716,True,True,2021
2963,3561929,2021-10-16,,Los Angeles FC,867280,San Jose Earthquakes,6603,True,True,2021
2964,3561930,2021-10-16,,Columbus Crew,6001,Inter Miami CF,960720,True,True,2021
2965,3561931,2021-10-16,,New England Revolution,6580,Chicago Fire FC,6397,True,True,2021
2966,3561933,2021-10-16,,DC United,6602,Nashville SC,915807,True,True,2021
2967,3561932,2021-10-16,,FC Cincinnati,722265,Orlando City,267810,True,True,2021
2968,3561992,2021-10-16,,Toronto FC,56453,Atlanta United,773958,True,True,2021
2969,3561934,2021-10-16,,Houston Dynamo FC,8259,Seattle Sounders FC,130394,True,True,2021
2970,3561935,2021-10-16,,Austin FC,1218886,Minnesota United,207242,True,True,2021
2971,3561936,2021-10-16,,Real Salt Lake,6606,Colorado Rapids,8314,True,True,2021
2972,3561937,2021-10-16,,LA Galaxy,6637,Portland Timbers,307690,True,True,2021
2973,3561938,2021-10-17,,Red Bull New York,6514,New York City FC,546238,True,True,2021
2974,3561993,2021-10-17,,Vancouver Whitecaps,307691,Sporting Kansas City,6604,True,True,2021
2975,3561939,2021-10-20,,Atlanta United,773958,New York City FC,546238,True,True,2021
2976,3561941,2021-10-20,,DC United,6602,New England Revolution,6580,True,True,2021
2977,3561940,2021-10-20,,FC Cincinnati,722265,Chicago Fire FC,6397,True,True,2021
2978,3561994,2021-10-20,,Inter Miami CF,960720,Toronto FC,56453,True,True,2021
2979,3561995,2021-10-20,,Orlando City,267810,CF Montreal,161195,True,True,2021
2980,3561942,2021-10-20,,FC Dallas,6399,Los Angeles FC,867280,True,True,2021
2981,3561943,2021-10-20,,Minnesota United,207242,Philadelphia Union,191716,True,True,2021
2982,3561944,2021-10-20,,Houston Dynamo FC,8259,LA Galaxy,6637,True,True,2021
2983,3561945,2021-10-20,,Nashville SC,915807,Columbus Crew,6001,True,True,2021
2984,3561946,2021-10-20,,Colorado Rapids,8314,Seattle Sounders FC,130394,True,True,2021
2985,3561996,2021-10-20,,Portland Timbers,307690,Vancouver Whitecaps,307691,True,True,2021
2986,3561947,2021-10-20,,San Jose Earthquakes,6603,Austin FC,1218886,True,True,2021
2987,3561955,2021-10-23,,Seattle Sounders FC,130394,Sporting Kansas City,6604,True,True,2021
2988,3561950,2021-10-23,,Columbus Crew,6001,Red Bull New York,6514,True,True,2021
2989,3561952,2021-10-23,,New York City FC,546238,DC United,6602,True,True,2021
2990,3561951,2021-10-23,,Philadelphia Union,191716,Nashville SC,915807,True,True,2021
2991,3561997,2021-10-23,,Toronto FC,56453,CF Montreal,161195,True,True,2021
2992,3561953,2021-10-23,,Chicago Fire FC,6397,Real Salt Lake,6606,True,True,2021
2993,3561948,2021-10-23,,Inter Miami CF,960720,FC Cincinnati,722265,True,True,2021
2994,3561954,2021-10-23,,Minnesota United,207242,Los Angeles FC,867280,True,True,2021
2995,3561956,2021-10-23,,Colorado Rapids,8314,Portland Timbers,307690,True,True,2021
2996,3561949,2021-10-23,,LA Galaxy,6637,FC Dallas,6399,True,True,2021
2997,3561998,2021-10-23,,San Jose Earthquakes,6603,Vancouver Whitecaps,307691,True,True,2021
2998,3561958,2021-10-24,,Austin FC,1218886,Houston Dynamo FC,8259,True,True,2021
2999,3561957,2021-10-24,,Orlando City,267810,New England Revolution,6580,True,True,2021
3000,3561959,2021-10-26,,Los Angeles FC,867280,Seattle Sounders FC,130394,True,True,2021
3001,3561960,2021-10-27,,New England Revolution,6580,Colorado Rapids,8314,True,True,2021
3002,3561962,2021-10-27,,Atlanta United,773958,Inter Miami CF,960720,True,True,2021
3003,3561961,2021-10-27,,Columbus Crew,6001,Orlando City,267810,True,True,2021
3004,3561965,2021-10-27,,DC United,6602,Red Bull New York,6514,True,True,2021
3005,3561963,2021-10-27,,FC Cincinnati,722265,Nashville SC,915807,True,True,2021
3006,3561964,2021-10-27,,New York City FC,546238,Chicago Fire FC,6397,True,True,2021
3007,3561999,2021-10-27,,Toronto FC,56453,Philadelphia Union,191716,True,True,2021
3008,3561966,2021-10-27,,FC Dallas,6399,Real Salt Lake,6606,True,True,2021
3009,3561967,2021-10-27,,Sporting Kansas City,6604,LA Galaxy,6637,True,True,2021
3010,3561968,2021-10-27,,Portland Timbers,307690,San Jose Earthquakes,6603,True,True,2021
3011,3562000,2021-10-27,,Vancouver Whitecaps,307691,Minnesota United,207242,True,True,2021
3012,3562002,2021-10-30,,Inter Miami CF,960720,New York City FC,546238,True,True,2021
3013,3561972,2021-10-30,,Real Salt Lake,6606,San Jose Earthquakes,6603,True,True,2021
3014,3562001,2021-10-30,,Red Bull New York,6514,CF Montreal,161195,True,True,2021
3015,3562003,2021-10-30,,Atlanta United,773958,Toronto FC,56453,True,True,2021
3016,3561970,2021-10-30,,DC United,6602,Columbus Crew,6001,True,True,2021
3017,3561971,2021-10-30,,FC Dallas,6399,Austin FC,1218886,True,True,2021
3018,3561973,2021-10-31,,Minnesota United,207242,Sporting Kansas City,6604,True,True,2021
3019,3561975,2021-10-31,,Houston Dynamo FC,8259,Colorado Rapids,8314,True,True,2021
3020,3561976,2021-10-31,,Orlando City,267810,Nashville SC,915807,True,True,2021
3021,3561969,2021-10-31,,Philadelphia Union,191716,FC Cincinnati,722265,True,True,2021
3022,3561977,2021-11-01,,Seattle Sounders FC,130394,LA Galaxy,6637,True,True,2021
3023,3562004,2021-11-02,,Los Angeles FC,867280,Vancouver Whitecaps,307691,True,True,2021
3024,3562005,2021-11-03,,CF Montreal,161195,Houston Dynamo FC,8259,True,True,2021
3025,3561978,2021-11-03,,Red Bull New York,6514,Atlanta United,773958,True,True,2021
3026,3561979,2021-11-03,,Austin FC,1218886,Sporting Kansas City,6604,True,True,2021
3027,3561980,2021-11-03,,Real Salt Lake,6606,Portland Timbers,307690,True,True,2021
3028,3562006,2021-11-07,,CF Montreal,161195,Orlando City,267810,True,True,2021
3029,3561982,2021-11-07,,Columbus Crew,6001,Chicago Fire FC,6397,True,True,2021
3030,3561981,2021-11-07,,FC Cincinnati,722265,Atlanta United,773958,True,True,2021
3031,3561983,2021-11-07,,Nashville SC,915807,Red Bull New York,6514,True,True,2021
3032,3561984,2021-11-07,,New England Revolution,6580,Inter Miami CF,960720,True,True,2021
3033,3561985,2021-11-07,,New York City FC,546238,Philadelphia Union,191716,True,True,2021
3034,3562007,2021-11-07,,Toronto FC,56453,DC United,6602,True,True,2021
3035,3561986,2021-11-07,,Colorado Rapids,8314,Los Angeles FC,867280,True,True,2021
3036,3561987,2021-11-07,,LA Galaxy,6637,Minnesota United,207242,True,True,2021
3037,3561988,2021-11-07,,Portland Timbers,307690,Austin FC,1218886,True,True,2021
3038,3561989,2021-11-07,,San Jose Earthquakes,6603,FC Dallas,6399,True,True,2021
3039,3561990,2021-11-07,,Sporting Kansas City,6604,Real Salt Lake,6606,True,True,2021
3040,3562008,2021-11-07,,Vancouver Whitecaps,307691,Seattle Sounders FC,130394,True,True,2021
3041,3764290,2021-11-20,1/8,Philadelphia Union,191716,Red Bull New York,6514,True,True,2021
3042,3764288,2021-11-20,1/8,Sporting Kansas City,6604,Vancouver Whitecaps,307691,True,True,2021
3043,3764289,2021-11-21,1/8,New York City FC,546238,Atlanta United,773958,True,True,2021
3044,3764286,2021-11-21,1/8,Portland Timbers,307690,Minnesota United,207242,True,True,2021
3045,3764285,2021-11-23,1/8,Nashville SC,915807,Orlando City,267810,True,True,2021
3046,3764287,2021-11-23,1/8,Seattle Sounders FC,130394,Real Salt Lake,6606,True,True,2021
3047,3764291,2021-11-25,1/4,Colorado Rapids,8314,Portland Timbers,307690,True,True,2021
3048,3764292,2021-11-28,1/4,Sporting Kansas City,6604,Real Salt Lake,6606,True,True,2021
3049,3764294,2021-11-28,1/4,Philadelphia Union,191716,Nashville SC,915807,True,True,2021
3050,3764293,2021-11-30,1/4,New England Revolution,6580,New York City FC,546238,True,True,2021
3051,3764295,2021-12-04,1/2,Portland Timbers,307690,Real Salt Lake,6606,True,True,2021
3052,3764296,2021-12-05,1/2,Philadelphia Union,191716,New York City FC,546238,True,True,2021
3053,3764297,2021-12-11,final,Portland Timbers,307690,New York City FC,546238,True,True,2021
3054,3233138,2020-02-29,1,DC United,6602,Colorado Rapids,8314,True,True,2020
3055,3233139,2020-02-29,1,CF Montreal,161195,New England Revolution,6580,True,True,2020
3056,3233140,2020-02-29,1,Houston Dynamo FC,8259,LA Galaxy,6637,True,True,2020
3057,3233141,2020-02-29,1,San Jose Earthquakes,6603,Toronto FC,56453,True,True,2020
3058,3233142,2020-02-29,1,FC Dallas,6399,Philadelphia Union,191716,True,True,2020
3059,3233143,2020-02-29,1,Orlando City,267810,Real Salt Lake,6606,True,True,2020
3060,3233144,2020-02-29,1,Nashville SC,915807,Atlanta United,773958,True,True,2020
3061,3233145,2020-02-29,1,Vancouver Whitecaps,307691,Sporting Kansas City,6604,True,True,2020
3062,3233146,2020-03-01,1,Columbus Crew,6001,New York City FC,546238,True,True,2020
3063,3233147,2020-03-01,1,Red Bull New York,6514,FC Cincinnati,722265,True,True,2020
3064,3233148,2020-03-01,1,Seattle Sounders FC,130394,Chicago Fire FC,6397,True,True,2020
3065,3233149,2020-03-01,1,Los Angeles FC,867280,Inter Miami CF,960720,True,True,2020
3066,3233150,2020-03-01,1,Portland Timbers,307690,Minnesota United,207242,True,True,2020
3067,3233151,2020-03-07,1,New England Revolution,6580,Chicago Fire FC,6397,True,True,2020
3068,3233152,2020-03-07,1,Real Salt Lake,6606,Red Bull New York,6514,True,True,2020
3069,3240741,2020-03-07,1,FC Dallas,6399,CF Montreal,161195,True,True,2020
3070,3240742,2020-03-07,1,DC United,6602,Inter Miami CF,960720,True,True,2020
3071,3233153,2020-03-07,1,Toronto FC,56453,New York City FC,546238,True,True,2020
3072,3233154,2020-03-07,1,Atlanta United,773958,FC Cincinnati,722265,True,True,2020
3073,3240743,2020-03-07,1,San Jose Earthquakes,6603,Minnesota United,207242,True,True,2020
3074,3233155,2020-03-07,1,Sporting Kansas City,6604,Houston Dynamo FC,8259,True,True,2020
3075,3233156,2020-03-07,1,Colorado Rapids,8314,Orlando City,267810,True,True,2020
3076,3233157,2020-03-07,1,LA Galaxy,6637,Vancouver Whitecaps,307691,True,True,2020
3077,3240744,2020-03-07,1,Seattle Sounders FC,130394,Columbus Crew,6001,True,True,2020
3078,3240745,2020-03-08,1,Portland Timbers,307690,Nashville SC,915807,True,True,2020
3079,3240746,2020-03-08,1,Los Angeles FC,867280,Philadelphia Union,191716,True,True,2020
3080,3345753,2020-07-08,1,Orlando City,267810,Inter Miami CF,960720,True,True,2020
3081,3345754,2020-07-09,1,New York City FC,546238,Philadelphia Union,191716,True,True,2020
3082,3345770,2020-07-09,1,CF Montreal,161195,New England Revolution,6580,True,True,2020
3083,3345788,2020-07-10,1,Seattle Sounders FC,130394,San Jose Earthquakes,6603,True,True,2020
3084,3345768,2020-07-11,1,Atlanta United,773958,Red Bull New York,6514,True,True,2020
3085,3345765,2020-07-11,1,FC Cincinnati,722265,Columbus Crew,6001,True,True,2020
3086,3345781,2020-07-12,1,Sporting Kansas City,6604,Minnesota United,207242,True,True,2020
3087,3345784,2020-07-12,1,Real Salt Lake,6606,Colorado Rapids,8314,True,True,2020
3088,3345771,2020-07-13,1,Toronto FC,56453,DC United,6602,True,True,2020
3089,3345780,2020-07-13,1,Los Angeles FC,867280,Houston Dynamo FC,8259,True,True,2020
3090,3345791,2020-07-13,1,LA Galaxy,6637,Portland Timbers,307690,True,True,2020
3091,3362376,2020-07-14,2,Chicago Fire FC,6397,Seattle Sounders FC,130394,True,True,2020
3092,3345756,2020-07-14,2,New York City FC,546238,Orlando City,267810,True,True,2020
3093,3345758,2020-07-14,2,Philadelphia Union,191716,Inter Miami CF,960720,True,True,2020
3094,3345785,2020-07-15,2,Vancouver Whitecaps,307691,San Jose Earthquakes,6603,True,True,2020
3095,3345775,2020-07-16,2,Atlanta United,773958,FC Cincinnati,722265,True,True,2020
3096,3345772,2020-07-16,2,CF Montreal,161195,Toronto FC,56453,True,True,2020
3097,3345774,2020-07-16,2,Columbus Crew,6001,Red Bull New York,6514,True,True,2020
3098,3345762,2020-07-17,2,DC United,6602,New England Revolution,6580,True,True,2020
3099,3345782,2020-07-17,2,Sporting Kansas City,6604,Colorado Rapids,8314,True,True,2020
3100,3345783,2020-07-17,2,Real Salt Lake,6606,Minnesota United,207242,True,True,2020
3101,3345790,2020-07-18,2,Portland Timbers,307690,Houston Dynamo FC,8259,True,True,2020
3102,3345777,2020-07-18,2,Los Angeles FC,867280,LA Galaxy,6637,True,True,2020
3103,3362377,2020-07-19,3,Chicago Fire FC,6397,San Jose Earthquakes,6603,True,True,2020
3104,3345789,2020-07-19,3,Seattle Sounders FC,130394,Vancouver Whitecaps,307691,True,True,2020
3105,3362375,2020-07-20,3,Inter Miami CF,960720,New York City FC,546238,True,True,2020
3106,3362374,2020-07-20,3,Philadelphia Union,191716,Orlando City,267810,True,True,2020
3107,3345773,2020-07-21,3,Toronto FC,56453,New England Revolution,6580,True,True,2020
3108,3345767,2020-07-21,3,Atlanta United,773958,Columbus Crew,6001,True,True,2020
3109,3345769,2020-07-21,3,CF Montreal,161195,DC United,6602,True,True,2020
3110,3345763,2020-07-22,3,Real Salt Lake,6606,Sporting Kansas City,6604,True,True,2020
3111,3345766,2020-07-22,3,FC Cincinnati,722265,Red Bull New York,6514,True,True,2020
3112,3345776,2020-07-22,3,Colorado Rapids,8314,Minnesota United,207242,True,True,2020
3113,3362378,2020-07-23,1,Chicago Fire FC,6397,Vancouver Whitecaps,307691,True,True,2020
3114,3345778,2020-07-23,3,LA Galaxy,6637,Houston Dynamo FC,8259,True,True,2020
3115,3345779,2020-07-23,3,Los Angeles FC,867280,Portland Timbers,307690,True,True,2020
3116,3242705,2020-08-12,1,FC Dallas,6399,Nashville SC,915807,True,True,2020
3117,3402590,2020-08-16,1,FC Dallas,6399,Nashville SC,915807,True,True,2020
3118,3241316,2020-08-18,1,Toronto FC,56453,Vancouver Whitecaps,307691,True,True,2020
3119,3242704,2020-08-20,1,Red Bull New York,6514,New York City FC,546238,True,True,2020
3120,3241405,2020-08-20,1,Columbus Crew,6001,Chicago Fire FC,6397,True,True,2020
3121,3242752,2020-08-20,1,New England Revolution,6580,Philadelphia Union,191716,True,True,2020
3122,3233160,2020-08-21,1,FC Cincinnati,722265,DC United,6602,True,True,2020
3123,3241460,2020-08-21,1,Minnesota United,207242,Sporting Kansas City,6604,True,True,2020
3124,3242693,2020-08-21,1,Houston Dynamo FC,8259,FC Dallas,6399,True,True,2020
3125,3409153,2020-08-21,1,Toronto FC,56453,Vancouver Whitecaps,307691,True,True,2020
3126,3241349,2020-08-22,1,Los Angeles FC,867280,LA Galaxy,6637,True,True,2020
3127,3402600,2020-08-22,1,Atlanta United,773958,Nashville SC,915807,True,True,2020
3128,3242692,2020-08-22,1,Inter Miami CF,960720,Orlando City,267810,True,True,2020
3129,3242700,2020-08-22,1,Colorado Rapids,8314,Real Salt Lake,6606,True,True,2020
3130,3241359,2020-08-23,1,Portland Timbers,307690,Seattle Sounders FC,130394,True,True,2020
3131,3242676,2020-08-24,1,New York City FC,546238,Columbus Crew,6001,True,True,2020
3132,3242710,2020-08-25,1,DC United,6602,New England Revolution,6580,True,True,2020
3133,3241374,2020-08-25,1,Chicago Fire FC,6397,FC Cincinnati,722265,True,True,2020
3134,3242790,2020-08-25,1,Philadelphia Union,191716,Red Bull New York,6514,True,True,2020
3135,3409155,2020-08-25,1,CF Montreal,161195,Vancouver Whitecaps,307691,True,True,2020
3136,3402601,2020-08-25,1,Sporting Kansas City,6604,Houston Dynamo FC,8259,True,True,2020
3137,3242753,2020-08-26,1,Orlando City,267810,Nashville SC,915807,True,True,2020
3138,3242699,2020-08-28,1,CF Montreal,161195,Toronto FC,56453,True,True,2020
3139,3242702,2020-08-29,1,Atlanta United,773958,Orlando City,267810,True,True,2020
3140,3241468,2020-08-29,1,FC Cincinnati,722265,Columbus Crew,6001,True,True,2020
3141,3241230,2020-08-29,1,New York City FC,546238,Chicago Fire FC,6397,True,True,2020
3142,3240762,2020-08-29,1,Philadelphia Union,191716,DC United,6602,True,True,2020
3143,3241476,2020-08-29,1,New England Revolution,6580,Red Bull New York,6514,True,True,2020
3144,3241511,2020-08-29,1,FC Dallas,6399,Minnesota United,207242,True,True,2020
3145,3242755,2020-08-29,1,Colorado Rapids,8314,Sporting Kansas City,6604,True,True,2020
3146,3241414,2020-08-29,1,LA Galaxy,6637,San Jose Earthquakes,6603,True,True,2020
3147,3242788,2020-08-29,1,Portland Timbers,307690,Real Salt Lake,6606,True,True,2020
3148,3241327,2020-08-30,1,Nashville SC,915807,Inter Miami CF,960720,True,True,2020
3149,3241472,2020-08-30,1,Seattle Sounders FC,130394,Los Angeles FC,867280,True,True,2020
3150,3241407,2020-09-01,1,Toronto FC,56453,CF Montreal,161195,True,True,2020
3151,3241379,2020-09-02,1,Atlanta United,773958,Inter Miami CF,960720,True,True,2020
3152,3241251,2020-09-02,1,Columbus Crew,6001,Philadelphia Union,191716,True,True,2020
3153,3241475,2020-09-02,1,FC Cincinnati,722265,Chicago Fire FC,6397,True,True,2020
3154,3241372,2020-09-02,1,Red Bull New York,6514,DC United,6602,True,True,2020
3155,3241233,2020-09-02,1,Houston Dynamo FC,8259,Minnesota United,207242,True,True,2020
3156,3241319,2020-09-02,1,New England Revolution,6580,New York City FC,546238,True,True,2020
3157,3402602,2020-09-02,1,Nashville SC,915807,Orlando City,267810,True,True,2020
3158,3241480,2020-09-02,1,Sporting Kansas City,6604,FC Dallas,6399,True,True,2020
3159,3241254,2020-09-02,1,Real Salt Lake,6606,Seattle Sounders FC,130394,True,True,2020
3160,3241317,2020-09-02,1,Portland Timbers,307690,LA Galaxy,6637,True,True,2020
3161,3242778,2020-09-02,1,Los Angeles FC,867280,San Jose Earthquakes,6603,True,True,2020
3162,3242789,2020-09-05,1,Houston Dynamo FC,8259,Sporting Kansas City,6604,True,True,2020
3163,3241257,2020-09-05,1,Orlando City,267810,Atlanta United,773958,True,True,2020
3164,3409156,2020-09-05,1,Vancouver Whitecaps,307691,Toronto FC,56453,True,True,2020
3165,3242800,2020-09-05,1,San Jose Earthquakes,6603,Colorado Rapids,8314,True,True,2020
3166,3241207,2020-09-06,1,DC United,6602,New York City FC,546238,True,True,2020
3167,3241399,2020-09-06,1,Red Bull New York,6514,Philadelphia Union,191716,True,True,2020
3168,3241390,2020-09-06,1,Chicago Fire FC,6397,New England Revolution,6580,True,True,2020
3169,3242695,2020-09-06,1,Columbus Crew,6001,FC Cincinnati,722265,True,True,2020
3170,3402603,2020-09-06,1,Inter Miami CF,960720,Nashville SC,915807,True,True,2020
3171,3241344,2020-09-06,1,Minnesota United,207242,Real Salt Lake,6606,True,True,2020
3172,3242694,2020-09-06,1,Seattle Sounders FC,130394,Portland Timbers,307690,True,True,2020
3173,3242703,2020-09-06,1,LA Galaxy,6637,Los Angeles FC,867280,True,True,2020
3174,3409157,2020-09-09,1,CF Montreal,161195,Toronto FC,56453,True,True,2020
3175,3241471,2020-09-09,1,Inter Miami CF,960720,Atlanta United,773958,True,True,2020
3176,3241240,2020-09-09,1,Minnesota United,207242,FC Dallas,6399,True,True,2020
3177,3402604,2020-09-09,1,Colorado Rapids,8314,Houston Dynamo FC,8259,True,True,2020
3178,3242799,2020-09-09,1,Real Salt Lake,6606,Los Angeles FC,867280,True,True,2020
3179,3242764,2020-09-10,1,Seattle Sounders FC,130394,San Jose Earthquakes,6603,True,True,2020
3180,3402606,2020-09-12,1,Chicago Fire FC,6397,Columbus Crew,6001,True,True,2020
3181,3241258,2020-09-12,1,DC United,6602,Red Bull New York,6514,True,True,2020
3182,3402605,2020-09-12,1,New York City FC,546238,FC Cincinnati,722265,True,True,2020
3183,3241442,2020-09-12,1,Orlando City,267810,Inter Miami CF,960720,True,True,2020
3184,3241462,2020-09-12,1,Philadelphia Union,191716,New England Revolution,6580,True,True,2020
3185,3241357,2020-09-12,1,FC Dallas,6399,Houston Dynamo FC,8259,True,True,2020
3186,3402607,2020-09-12,1,Nashville SC,915807,Atlanta United,773958,True,True,2020
3187,3241227,2020-09-12,1,Real Salt Lake,6606,Colorado Rapids,8314,True,True,2020
3188,3241252,2020-09-13,1,Sporting Kansas City,6604,Minnesota United,207242,True,True,2020
3189,3241403,2020-09-13,1,Vancouver Whitecaps,307691,CF Montreal,161195,True,True,2020
3190,3240764,2020-09-13,1,Los Angeles FC,867280,Portland Timbers,307690,True,True,2020
3191,3241528,2020-09-13,1,San Jose Earthquakes,6603,LA Galaxy,6637,True,True,2020
3192,3242684,2020-09-16,1,FC Dallas,6399,Colorado Rapids,8314,True,True,2020
3193,3242757,2020-09-16,1,San Jose Earthquakes,6603,Portland Timbers,307690,True,True,2020
3194,3409154,2020-09-16,1,Vancouver Whitecaps,307691,CF Montreal,161195,True,True,2020
3195,3242249,2020-09-18,1,Seattle Sounders FC,130394,Los Angeles FC,867280,True,True,2020
3196,3241394,2020-09-19,1,Sporting Kansas City,6604,FC Dallas,6399,True,True,2020
3197,3241416,2020-09-19,1,New England Revolution,6580,New York City FC,546238,True,True,2020
3198,3443524,2020-09-19,1,Atlanta United,773958,Inter Miami CF,960720,True,True,2020
3199,3241329,2020-09-19,1,Red Bull New York,6514,FC Cincinnati,722265,True,True,2020
3200,3240754,2020-09-19,1,Columbus Crew,6001,Nashville SC,915807,True,True,2020
3201,3241231,2020-09-19,1,DC United,6602,Toronto FC,56453,True,True,2020
3202,3240750,2020-09-19,1,Orlando City,267810,Chicago Fire FC,6397,True,True,2020
3203,3242794,2020-09-19,1,Houston Dynamo FC,8259,Minnesota United,207242,True,True,2020
3204,3241451,2020-09-19,1,Real Salt Lake,6606,Vancouver Whitecaps,307691,True,True,2020
3205,3242775,2020-09-19,1,LA Galaxy,6637,Colorado Rapids,8314,True,True,2020
3206,3241466,2020-09-19,1,San Jose Earthquakes,6603,Portland Timbers,307690,True,True,2020
3207,3241427,2020-09-20,1,CF Montreal,161195,Philadelphia Union,191716,True,True,2020
3208,3241248,2020-09-23,1,New England Revolution,6580,CF Montreal,161195,True,True,2020
3209,3443522,2020-09-23,1,Atlanta United,773958,FC Dallas,6399,True,True,2020
3210,3241343,2020-09-23,1,New York City FC,546238,Toronto FC,56453,True,True,2020
3211,3443523,2020-09-23,1,Chicago Fire FC,6397,Houston Dynamo FC,8259,True,True,2020
3212,3241261,2020-09-23,1,Columbus Crew,6001,Minnesota United,207242,True,True,2020
3213,3242768,2020-09-23,1,FC Cincinnati,722265,Philadelphia Union,191716,True,True,2020
3214,3241402,2020-09-23,1,Sporting Kansas City,6604,Orlando City,267810,True,True,2020
3215,3240757,2020-09-23,1,Inter Miami CF,960720,Red Bull New York,6514,True,True,2020
3216,3241241,2020-09-23,1,Nashville SC,915807,DC United,6602,True,True,2020
3217,3241234,2020-09-23,1,Colorado Rapids,8314,San Jose Earthquakes,6603,True,True,2020
3218,3241361,2020-09-23,1,Real Salt Lake,6606,LA Galaxy,6637,True,True,2020
3219,3443525,2020-09-23,1,Portland Timbers,307690,Seattle Sounders FC,130394,True,True,2020
3220,3242707,2020-09-23,1,Los Angeles FC,867280,Vancouver Whitecaps,307691,True,True,2020
3221,3242252,2020-09-26,1,Nashville SC,915807,Houston Dynamo FC,8259,True,True,2020
3222,3241455,2020-09-26,1,New York City FC,546238,FC Cincinnati,722265,True,True,2020
3223,3241400,2020-09-27,1,DC United,6602,New England Revolution,6580,True,True,2020
3224,3241522,2020-09-27,1,Red Bull New York,6514,CF Montreal,161195,True,True,2020
3225,3233163,2020-09-27,1,Chicago Fire FC,6397,Atlanta United,773958,True,True,2020
3226,3242245,2020-09-27,1,Philadelphia Union,191716,Inter Miami CF,960720,True,True,2020
3227,3242257,2020-09-27,1,Toronto FC,56453,Columbus Crew,6001,True,True,2020
3228,3241481,2020-09-27,1,Minnesota United,207242,Real Salt Lake,6606,True,True,2020
3229,3241463,2020-09-27,1,FC Dallas,6399,Orlando City,267810,True,True,2020
3230,3242803,2020-09-27,1,Vancouver Whitecaps,307691,Portland Timbers,307690,True,True,2020
3231,3241516,2020-09-27,1,LA Galaxy,6637,Seattle Sounders FC,130394,True,True,2020
3232,3241340,2020-09-27,1,Los Angeles FC,867280,San Jose Earthquakes,6603,True,True,2020
3233,3240765,2020-10-03,1,Orlando City,267810,Red Bull New York,6514,True,True,2020
3234,3242791,2020-10-03,1,DC United,6602,Atlanta United,773958,True,True,2020
3235,3241347,2020-10-03,1,CF Montreal,161195,Chicago Fire FC,6397,True,True,2020
3236,3241445,2020-10-03,1,New England Revolution,6580,Nashville SC,915807,True,True,2020
3237,3242679,2020-10-03,1,Toronto FC,56453,Philadelphia Union,191716,True,True,2020
3238,3456333,2020-10-03,1,Houston Dynamo FC,8259,Sporting Kansas City,6604,True,True,2020
3239,3241459,2020-10-03,1,Inter Miami CF,960720,New York City FC,546238,True,True,2020
3240,3242782,2020-10-03,1,Minnesota United,207242,FC Cincinnati,722265,True,True,2020
3241,3241500,2020-10-03,1,FC Dallas,6399,Columbus Crew,6001,True,True,2020
3242,3241243,2020-10-03,1,Seattle Sounders FC,130394,Vancouver Whitecaps,307691,True,True,2020
3243,3456336,2020-10-03,1,San Jose Earthquakes,6603,LA Galaxy,6637,True,True,2020
3244,3241244,2020-10-04,1,Real Salt Lake,6606,Los Angeles FC,867280,True,True,2020
3245,3242243,2020-10-06,1,Nashville SC,915807,Minnesota United,207242,True,True,2020
3246,3456339,2020-10-07,1,Atlanta United,773958,Orlando City,267810,True,True,2020
3247,3242750,2020-10-07,1,Red Bull New York,6514,Inter Miami CF,960720,True,True,2020
3248,3241331,2020-10-07,1,Columbus Crew,6001,CF Montreal,161195,True,True,2020
3249,3241371,2020-10-07,1,New England Revolution,6580,Toronto FC,56453,True,True,2020
3250,3241322,2020-10-07,1,Philadelphia Union,191716,FC Cincinnati,722265,True,True,2020
3251,3456334,2020-10-07,1,Houston Dynamo FC,8259,FC Dallas,6399,True,True,2020
3252,3242780,2020-10-07,1,New York City FC,546238,DC United,6602,True,True,2020
3253,3242722,2020-10-07,1,Sporting Kansas City,6604,Chicago Fire FC,6397,True,True,2020
3254,3241397,2020-10-07,1,Seattle Sounders FC,130394,Real Salt Lake,6606,True,True,2020
3255,3242250,2020-10-07,1,LA Galaxy,6637,Portland Timbers,307690,True,True,2020
3256,3241264,2020-10-07,1,San Jose Earthquakes,6603,Vancouver Whitecaps,307691,True,True,2020
3257,3241221,2020-10-10,1,Inter Miami CF,960720,Houston Dynamo FC,8259,True,True,2020
3258,3242719,2020-10-10,1,Atlanta United,773958,Red Bull New York,6514,True,True,2020
3259,3241216,2020-10-10,1,Vancouver Whitecaps,307691,Real Salt Lake,6606,True,True,2020
3260,3456320,2020-10-11,1,New York City FC,546238,New England Revolution,6580,True,True,2020
3261,3456319,2020-10-11,1,Los Angeles FC,867280,Seattle Sounders FC,130394,True,True,2020
3262,3241447,2020-10-11,1,Chicago Fire FC,6397,DC United,6602,True,True,2020
3263,3240755,2020-10-11,1,FC Cincinnati,722265,Toronto FC,56453,True,True,2020
3264,3241220,2020-10-11,1,Philadelphia Union,191716,CF Montreal,161195,True,True,2020
3265,3242772,2020-10-11,1,Sporting Kansas City,6604,Nashville SC,915807,True,True,2020
3266,3456321,2020-10-11,1,Portland Timbers,307690,San Jose Earthquakes,6603,True,True,2020
3267,3456344,2020-10-14,1,CF Montreal,161195,New England Revolution,6580,True,True,2020
3268,3456346,2020-10-14,1,FC Cincinnati,722265,Columbus Crew,6001,True,True,2020
3269,3242769,2020-10-14,1,Orlando City,267810,New York City FC,546238,True,True,2020
3270,3241224,2020-10-14,1,Toronto FC,56453,Red Bull New York,6514,True,True,2020
3271,3242697,2020-10-14,1,DC United,6602,Philadelphia Union,191716,True,True,2020
3272,3241376,2020-10-14,1,Houston Dynamo FC,8259,Nashville SC,915807,True,True,2020
3273,3456340,2020-10-14,1,Inter Miami CF,960720,Atlanta United,773958,True,True,2020
3274,3456322,2020-10-14,1,FC Dallas,6399,Sporting Kansas City,6604,True,True,2020
3275,3241339,2020-10-14,1,Real Salt Lake,6606,Portland Timbers,307690,True,True,2020
3276,3241228,2020-10-14,1,Vancouver Whitecaps,307691,Los Angeles FC,867280,True,True,2020
3277,3456337,2020-10-14,1,LA Galaxy,6637,San Jose Earthquakes,6603,True,True,2020
3278,3456323,2020-10-17,1,Chicago Fire FC,6397,Sporting Kansas City,6604,True,True,2020
3279,3241496,2020-10-17,1,CF Montreal,161195,Inter Miami CF,960720,True,True,2020
3280,3456347,2020-10-18,1,Columbus Crew,6001,New York City FC,546238,True,True,2020
3281,3456324,2020-10-18,1,Red Bull New York,6514,Orlando City,267810,True,True,2020
3282,3241408,2020-10-18,1,FC Cincinnati,722265,DC United,6602,True,True,2020
3283,3242754,2020-10-18,1,Toronto FC,56453,Atlanta United,773958,True,True,2020
3284,3456325,2020-10-18,1,Minnesota United,207242,Houston Dynamo FC,8259,True,True,2020
3285,3242720,2020-10-18,1,Portland Timbers,307690,Los Angeles FC,867280,True,True,2020
3286,3456350,2020-10-18,1,LA Galaxy,6637,Vancouver Whitecaps,307691,True,True,2020
3287,3241346,2020-10-18,1,San Jose Earthquakes,6603,Seattle Sounders FC,130394,True,True,2020
3288,3456348,2020-10-19,1,New England Revolution,6580,Philadelphia Union,191716,True,True,2020
3289,3241337,2020-10-20,1,Nashville SC,915807,FC Dallas,6399,True,True,2020
3290,3456361,2020-10-22,1,Seattle Sounders FC,130394,Portland Timbers,307690,True,True,2020
3291,3456327,2020-10-23,1,Nashville SC,915807,New England Revolution,6580,True,True,2020
3292,3456360,2020-10-24,1,Inter Miami CF,960720,Orlando City,267810,True,True,2020
3293,3241426,2020-10-24,1,Atlanta United,773958,DC United,6602,True,True,2020
3294,3241209,2020-10-24,1,Chicago Fire FC,6397,Red Bull New York,6514,True,True,2020
3295,3456326,2020-10-24,1,FC Cincinnati,722265,Minnesota United,207242,True,True,2020
3296,3241473,2020-10-24,1,New York City FC,546238,CF Montreal,161195,True,True,2020
3297,3241446,2020-10-24,1,Philadelphia Union,191716,Toronto FC,56453,True,True,2020
3298,3242751,2020-10-24,1,Houston Dynamo FC,8259,Columbus Crew,6001,True,True,2020
3299,3241401,2020-10-24,1,Real Salt Lake,6606,FC Dallas,6399,True,True,2020
3300,3456328,2020-10-24,1,Sporting Kansas City,6604,Colorado Rapids,8314,True,True,2020
3301,3242701,2020-10-24,1,Vancouver Whitecaps,307691,San Jose Earthquakes,6603,True,True,2020
3302,3456353,2020-10-25,1,Los Angeles FC,867280,LA Galaxy,6637,True,True,2020
3303,3456329,2020-10-27,1,CF Montreal,161195,Nashville SC,915807,True,True,2020
3304,3241415,2020-10-27,1,Vancouver Whitecaps,307691,Seattle Sounders FC,130394,True,True,2020
3305,3241236,2020-10-28,1,Red Bull New York,6514,New England Revolution,6580,True,True,2020
3306,3241449,2020-10-28,1,FC Cincinnati,722265,Sporting Kansas City,6604,True,True,2020
3307,3456341,2020-10-28,1,Orlando City,267810,Atlanta United,773958,True,True,2020
3308,3242798,2020-10-28,1,Philadelphia Union,191716,Chicago Fire FC,6397,True,True,2020
3309,3456354,2020-10-28,1,Toronto FC,56453,New York City FC,546238,True,True,2020
3310,3242244,2020-10-28,1,DC United,6602,Columbus Crew,6001,True,True,2020
3311,3241321,2020-10-28,1,Minnesota United,207242,Colorado Rapids,8314,True,True,2020
3312,3241409,2020-10-28,1,FC Dallas,6399,Inter Miami CF,960720,True,True,2020
3313,3456355,2020-10-28,1,Portland Timbers,307690,LA Galaxy,6637,True,True,2020
3314,3241392,2020-10-28,1,Los Angeles FC,867280,Houston Dynamo FC,8259,True,True,2020
3315,3242774,2020-10-28,1,San Jose Earthquakes,6603,Real Salt Lake,6606,True,True,2020
3316,3456335,2020-10-31,1,FC Dallas,6399,Houston Dynamo FC,8259,True,True,2020
3317,3456330,2020-10-31,1,Nashville SC,915807,Chicago Fire FC,6397,True,True,2020
3318,3241393,2020-11-01,1,Columbus Crew,6001,Philadelphia Union,191716,True,True,2020
3319,3456345,2020-11-01,1,Atlanta United,773958,FC Cincinnati,722265,True,True,2020
3320,3241396,2020-11-01,1,New York City FC,546238,Red Bull New York,6514,True,True,2020
3321,3241315,2020-11-01,1,CF Montreal,161195,Orlando City,267810,True,True,2020
3322,3456331,2020-11-01,1,New England Revolution,6580,DC United,6602,True,True,2020
3323,3241387,2020-11-01,1,Toronto FC,56453,Inter Miami CF,960720,True,True,2020
3324,3242786,2020-11-01,1,Colorado Rapids,8314,Seattle Sounders FC,130394,True,True,2020
3325,3241255,2020-11-01,1,Portland Timbers,307690,Vancouver Whitecaps,307691,True,True,2020
3326,3241432,2020-11-01,1,LA Galaxy,6637,Real Salt Lake,6606,True,True,2020
3327,3241373,2020-11-04,1,Orlando City,267810,Columbus Crew,6001,True,True,2020
3328,3242698,2020-11-04,1,Minnesota United,207242,Chicago Fire FC,6397,True,True,2020
3329,3467871,2020-11-04,1,Nashville SC,915807,FC Dallas,6399,True,True,2020
3330,3241504,2020-11-04,1,Portland Timbers,307690,Colorado Rapids,8314,True,True,2020
3331,3242759,2020-11-04,1,LA Galaxy,6637,Seattle Sounders FC,130394,True,True,2020
3332,3456332,2020-11-04,1,San Jose Earthquakes,6603,Los Angeles FC,867280,True,True,2020
3333,3241435,2020-11-08,1,Chicago Fire FC,6397,New York City FC,546238,True,True,2020
3334,3241520,2020-11-08,1,Columbus Crew,6001,Atlanta United,773958,True,True,2020
3335,3242721,2020-11-08,1,DC United,6602,CF Montreal,161195,True,True,2020
3336,3241384,2020-11-08,1,Inter Miami CF,960720,FC Cincinnati,722265,True,True,2020
3337,3456357,2020-11-08,1,Orlando City,267810,Nashville SC,915807,True,True,2020
3338,3456349,2020-11-08,1,Philadelphia Union,191716,New England Revolution,6580,True,True,2020
3339,3242796,2020-11-08,1,Red Bull New York,6514,Toronto FC,56453,True,True,2020
3340,3241527,2020-11-08,1,Houston Dynamo FC,8259,Colorado Rapids,8314,True,True,2020
3341,3456358,2020-11-08,1,Los Angeles FC,867280,Portland Timbers,307690,True,True,2020
3342,3456343,2020-11-08,1,Minnesota United,207242,FC Dallas,6399,True,True,2020
3343,3241422,2020-11-08,1,Real Salt Lake,6606,Sporting Kansas City,6604,True,True,2020
3344,3456338,2020-11-08,1,Seattle Sounders FC,130394,San Jose Earthquakes,6603,True,True,2020
3345,3241482,2020-11-08,1,Vancouver Whitecaps,307691,LA Galaxy,6637,True,True,2020
3346,3479871,2020-11-20,1/16,New England Revolution,6580,CF Montreal,161195,True,True,2020
3347,3479872,2020-11-20,1/16,Nashville SC,915807,Inter Miami CF,960720,True,True,2020
3348,3479899,2020-11-21,1/8,Orlando City,267810,New York City FC,546238,True,True,2020
3349,3479897,2020-11-21,1/8,Columbus Crew,6001,Red Bull New York,6514,True,True,2020
3350,3479902,2020-11-22,1/8,Sporting Kansas City,6604,San Jose Earthquakes,6603,True,True,2020
3351,3479898,2020-11-22,1/8,Minnesota United,207242,Colorado Rapids,8314,True,True,2020
3352,3479900,2020-11-22,1/8,Portland Timbers,307690,FC Dallas,6399,True,True,2020
3353,3486620,2020-11-24,1/8,Toronto FC,56453,Nashville SC,915807,True,True,2020
3354,3486621,2020-11-24,1/8,Philadelphia Union,191716,New England Revolution,6580,True,True,2020
3355,3479901,2020-11-24,1/8,Seattle Sounders FC,130394,Los Angeles FC,867280,True,True,2020
3356,3488970,2020-11-29,1/4,Orlando City,267810,New England Revolution,6580,True,True,2020
3357,3488971,2020-11-29,1/4,Columbus Crew,6001,Nashville SC,915807,True,True,2020
3358,3488972,2020-12-01,1/4,Seattle Sounders FC,130394,FC Dallas,6399,True,True,2020
3359,3488973,2020-12-03,1/4,Sporting Kansas City,6604,Minnesota United,207242,True,True,2020
3360,3491206,2020-12-06,1/2,Columbus Crew,6001,New England Revolution,6580,True,True,2020
3361,3492767,2020-12-07,1/2,Seattle Sounders FC,130394,Minnesota United,207242,True,True,2020
3362,3492768,2020-12-12,final,Columbus Crew,6001,Seattle Sounders FC,130394,True,True,2020
